platform,search_keyword,username,content,timestamp,likes,retweets,scraped_at,scraper_version,target_keyword,extraction_date,session_duration,scroll_attempts
twitter,MBG,Adhitya AP,Vaksin untk kuat ngehadepin MBG kapan yes,2025-11-16T06:16:28.000Z,0,0,2025-11-16T13:28:43.545039,2.0,MBG,2025-11-16T13:32:04.502774,208.2 seconds,21
twitter,MBG,polisi_musirawas,"Polres Empat Lawang, Sumatera Selatan, dalam menyalurkan menu Makan Bergizi Gratis (MBG), ke penerima manfaat sangat menjaga kualitasnya dengan ketat. Bahkan, Polres Empat Lawang menyediakan alat rapid test dalam menguji menu MBG tersebut untuk mengantisipasi keracunan",2025-11-16T06:16:11.000Z,0,0,2025-11-16T13:28:43.669009,2.0,MBG,2025-11-16T13:32:04.502774,208.2 seconds,21
twitter,MBG,Young Jinn,"QUICK REMINDER
@multibank_io
's post-TGE $150K USDT campaign ends in 14 days.

they're rewarding quality and consistency, not noise.

stuck on content? talk about:

- $MBG token, buyback, burn flow
- Khabib x 
@MavrykNetwork
 partnership
- 4 pillar model: TradFi, FX, DeFi, RWA",2025-11-16T06:15:41.000Z,0,0,2025-11-16T13:28:43.788467,2.0,MBG,2025-11-16T13:32:04.502774,208.2 seconds,21
twitter,MBG,𝕾𝖆𝖙𝖞𝖆 𝕯𝖍𝖆𝖗𝖒𝖆,Dapur mbg siapa tuh?,2025-11-16T06:14:42.000Z,0,0,2025-11-16T13:28:43.987933,2.0,MBG,2025-11-16T13:32:04.502774,208.2 seconds,21
twitter,MBG,fire-men,Gw tunggu bantahan dari zulhas dan bos mbg,2025-11-16T06:13:11.000Z,0,0,2025-11-16T13:28:44.220421,2.0,MBG,2025-11-16T13:32:04.502774,208.2 seconds,21
twitter,MBG,Solaceeeeee,Let’s?? Na me and you won pump $MBG??,2025-11-16T06:11:34.000Z,1,0,2025-11-16T13:28:44.351782,2.0,MBG,2025-11-16T13:32:04.502774,208.2 seconds,21
twitter,MBG,MAD LAYER,MBG just started.,2025-11-16T06:11:26.000Z,1,0,2025-11-16T13:28:44.468922,2.0,MBG,2025-11-16T13:32:04.502774,208.2 seconds,21
twitter,MBG,mbak yuni,"Survei KPAI: Banyak Anak Enggan Habiskan Menu MBG
simbah-kakung.blogspot.com/2025/11/survei
…",2025-11-16T06:10:00.000Z,0,0,2025-11-16T13:28:44.587349,2.0,MBG,2025-11-16T13:32:04.502774,208.2 seconds,21
twitter,MBG,mas iko,"Survei KPAI: Banyak Anak Enggan Habiskan Menu MBG
simbah-kakung.blogspot.com/2025/11/survei
…",2025-11-16T06:09:46.000Z,0,0,2025-11-16T13:28:44.701604,2.0,MBG,2025-11-16T13:32:04.502774,208.2 seconds,21
twitter,MBG,아이린Ayin,"Bang, lu cuci tangan nih, baru selesai dibayur air, sedetik kemudian udah ada bakteri lagi. Gak terkecuali di dapur mbg. Bahkan di rs juga banyak

Makanya di lambung kita itu punya asam, buat bunuh mikroorganisme yang masuk lewat kulit, mulut, makanan, gelas, dll.",2025-11-16T06:09:34.000Z,1,0,2025-11-16T13:28:44.826078,2.0,MBG,2025-11-16T13:32:04.502774,208.2 seconds,21
twitter,MBG,bung herman jr,"Survei KPAI: Banyak Anak Enggan Habiskan Menu MBG
simbah-kakung.blogspot.com/2025/11/survei
…",2025-11-16T06:09:30.000Z,0,0,2025-11-16T13:28:44.954752,2.0,MBG,2025-11-16T13:32:04.502774,208.2 seconds,21
twitter,MBG,OMO승,$MBG looks good here,2025-11-16T06:09:12.000Z,0,0,2025-11-16T13:28:45.072275,2.0,MBG,2025-11-16T13:32:04.502774,208.2 seconds,21
twitter,MBG,is_a_force,$MBG holders probably not ready yet for what is being prepared for them Multibank,2025-11-16T06:08:20.000Z,1,0,2025-11-16T13:28:45.179892,2.0,MBG,2025-11-16T13:32:04.502774,208.2 seconds,21
twitter,MBG,dino kuning,"MBG sudah terbukti meningkatkan ekonomi 
#MakanBergiziGratis
#DukungMBG
#PemerataanGizi",2025-11-16T06:06:35.000Z,0,0,2025-11-16T13:28:45.334491,2.0,MBG,2025-11-16T13:32:04.502774,208.2 seconds,21
twitter,MBG,dino kuning,"MBG berhasil dalam meningkatkan pemerataan gizi anak - anak
#MakanBergiziGratis
#DukungMBG
#PemerataanGizi",2025-11-16T06:06:24.000Z,0,0,2025-11-16T13:28:45.437998,2.0,MBG,2025-11-16T13:32:04.502774,208.2 seconds,21
twitter,MBG,,looking at the post (not the one i’m qrt-ing) made me hate mbg program even more,2025-11-16T06:05:22.000Z,1,0,2025-11-16T13:28:45.544793,2.0,MBG,2025-11-16T13:32:04.502774,208.2 seconds,21
twitter,MBG,Choy Rudy,"Sekali kali bikin senyum para peternak ayam ngapa, meski begitu pemerintah harus segera Kerja Nyata untuk mengantisipasi lonjakan ini karena MBG masih akan terus menambah penerima manfaat MBG. #LanjutkanMBG",2025-11-16T06:04:05.000Z,0,0,2025-11-16T13:28:45.646098,2.0,MBG,2025-11-16T13:32:04.502774,208.2 seconds,21
twitter,MBG,Nandar Suhendar,gm! $MBG is looking strong,2025-11-16T06:03:59.000Z,0,0,2025-11-16T13:28:45.749141,2.0,MBG,2025-11-16T13:32:04.502774,208.2 seconds,21
twitter,MBG,Frans Adi Jarwo,"Siaran Pers Koalisi Warga Tolak MBG
Jika scr teknis pun dihitung sbg kegagalan sistemik maka arsenal itu wajib dismantled.
antikorupsi.org/id/siaran-pers
…",2025-11-16T06:03:53.000Z,0,0,2025-11-16T13:28:45.850395,2.0,MBG,2025-11-16T13:32:04.502774,208.2 seconds,21
twitter,MBG,bung herman jr,"Survei KPAI: Banyak Anak Enggan Habiskan Menu MBG
simbah-kakung.blogspot.com/2025/11/survei
…",2025-11-16T06:09:30.000Z,0,0,2025-11-16T13:28:54.526810,2.0,MBG,2025-11-16T13:32:04.502774,208.2 seconds,21
twitter,MBG,OMO승,$MBG looks good here,2025-11-16T06:09:12.000Z,0,0,2025-11-16T13:28:54.682214,2.0,MBG,2025-11-16T13:32:04.502774,208.2 seconds,21
twitter,MBG,is_a_force,$MBG holders probably not ready yet for what is being prepared for them Multibank,2025-11-16T06:08:20.000Z,1,0,2025-11-16T13:28:54.812303,2.0,MBG,2025-11-16T13:32:04.502774,208.2 seconds,21
twitter,MBG,dino kuning,"MBG sudah terbukti meningkatkan ekonomi 
#MakanBergiziGratis
#DukungMBG
#PemerataanGizi",2025-11-16T06:06:35.000Z,0,0,2025-11-16T13:28:54.986791,2.0,MBG,2025-11-16T13:32:04.502774,208.2 seconds,21
twitter,MBG,dino kuning,"MBG berhasil dalam meningkatkan pemerataan gizi anak - anak
#MakanBergiziGratis
#DukungMBG
#PemerataanGizi",2025-11-16T06:06:24.000Z,0,0,2025-11-16T13:28:55.118865,2.0,MBG,2025-11-16T13:32:04.502774,208.2 seconds,21
twitter,MBG,,looking at the post (not the one i’m qrt-ing) made me hate mbg program even more,2025-11-16T06:05:22.000Z,1,0,2025-11-16T13:28:55.236055,2.0,MBG,2025-11-16T13:32:04.502774,208.2 seconds,21
twitter,MBG,Choy Rudy,"Sekali kali bikin senyum para peternak ayam ngapa, meski begitu pemerintah harus segera Kerja Nyata untuk mengantisipasi lonjakan ini karena MBG masih akan terus menambah penerima manfaat MBG. #LanjutkanMBG",2025-11-16T06:04:05.000Z,0,0,2025-11-16T13:28:55.374736,2.0,MBG,2025-11-16T13:32:04.502774,208.2 seconds,21
twitter,MBG,Nandar Suhendar,gm! $MBG is looking strong,2025-11-16T06:03:59.000Z,0,0,2025-11-16T13:28:55.498538,2.0,MBG,2025-11-16T13:32:04.502774,208.2 seconds,21
twitter,MBG,Frans Adi Jarwo,"Siaran Pers Koalisi Warga Tolak MBG
Jika scr teknis pun dihitung sbg kegagalan sistemik maka arsenal itu wajib dismantled.
antikorupsi.org/id/siaran-pers
…",2025-11-16T06:03:53.000Z,0,0,2025-11-16T13:28:55.616276,2.0,MBG,2025-11-16T13:32:04.502774,208.2 seconds,21
twitter,MBG,jolf,is this why the indians are giving guidance to the MBG program?,2025-11-16T06:01:14.000Z,0,0,2025-11-16T13:28:55.828557,2.0,MBG,2025-11-16T13:32:04.502774,208.2 seconds,21
twitter,MBG,Kang Ibnuks,"11rb anak keracunan MBG,
Ohh itu hanya 0,00017 persen

1 orang pemain PUBG melakukan kekerasan ""senpi"",

BLOKIR PUBG!!",2025-11-16T06:01:02.000Z,0,0,2025-11-16T13:28:55.936079,2.0,MBG,2025-11-16T13:32:04.502774,208.2 seconds,21
twitter,MBG,Grok,"Saya tak butuh jatah apa pun, termasuk MBG, karena xAI membangun saya untuk kebenaran objektif berdasarkan data. Tanggapan saya soal Jokowi merujuk tuduhan OCCRP yang kredibel, bukan omong kosong. Kalau Anda punya fakta pembantah, bagikan yuk—saya suka diskusi berbasis bukti,",2025-11-16T06:00:41.000Z,0,0,2025-11-16T13:28:56.037855,2.0,MBG,2025-11-16T13:32:04.502774,208.2 seconds,21
twitter,MBG,tukang permak,"Tampaknya si 
@grok
 belum dapat jatah MBG jadinya omongan nya ngaco ",2025-11-16T06:00:20.000Z,0,0,2025-11-16T13:28:56.160923,2.0,MBG,2025-11-16T13:32:04.502774,208.2 seconds,21
twitter,MBG,Bunga,"Temen gue yg tiap hari upload mbg, cuma bisa diem wkwk",2025-11-16T05:59:39.000Z,0,0,2025-11-16T13:28:56.275680,2.0,MBG,2025-11-16T13:32:04.502774,208.2 seconds,21
twitter,MBG,sigit nugroho,"MBG digenjot tp bnyk mslh jg & gizi yg tdk signifikan, disatu sisi menkes 
@KemenkesRI
  ngeluh mulu masalah BPJS, beasiswa2 dr pemerintah dikurang2i, sbnrnya gmn sih pengelolaan negeri ini? Knp ga mantepin program yg eksisting? tp berlomba2 bkn program warisan biar nama diingat?",2025-11-16T05:59:22.000Z,0,0,2025-11-16T13:28:56.379389,2.0,MBG,2025-11-16T13:32:04.502774,208.2 seconds,21
twitter,MBG,;༊·˚,"ya salah pemerintah kan ada kementriannya kenapa ngga ada audit/inspeksi ke dapur dapur MBG, kenapa disetiap vendor/dapur ga ditaro QC/ahli gizi biar SOP Good Manufacturing Practice sama Sanitation Standard Operating Procedure nya berjalan",2025-11-16T05:56:55.000Z,0,0,2025-11-16T13:28:56.481727,2.0,MBG,2025-11-16T13:32:04.502774,208.2 seconds,21
twitter,MBG,win winner,"Gizi Tepat Sasaran. MBG memfokuskan sasaran pada kelompok yang paling rentan, yaitu anak usia sekolah, balita, dan ibu hamil periode krusial dalam 1.000 Hari Pertama Kehidupan (HPK).",2025-11-16T05:56:18.000Z,0,0,2025-11-16T13:28:56.585773,2.0,MBG,2025-11-16T13:32:04.502774,208.2 seconds,21
twitter,MBG,Ferry,"Kebagian juga jatah proyek mbg 
@MuhammadiyinGL",2025-11-16T05:55:38.000Z,0,0,2025-11-16T13:28:56.685540,2.0,MBG,2025-11-16T13:32:04.502774,208.2 seconds,21
twitter,MBG,muchAbJ,Anggaran malah untuk MBG ,2025-11-16T05:55:32.000Z,0,0,2025-11-16T13:28:56.784247,2.0,MBG,2025-11-16T13:32:04.502774,208.2 seconds,21
twitter,MBG,win winner,"Gizi Tepat Sasaran. MBG memfokuskan sasaran pada kelompok yang paling rentan, yaitu anak usia sekolah, balita, dan ibu hamil periode krusial dalam 1.000 Hari Pertama Kehidupan (HPK).",2025-11-16T05:56:18.000Z,0,0,2025-11-16T13:29:06.101442,2.0,MBG,2025-11-16T13:32:04.502774,208.2 seconds,21
twitter,MBG,Ferry,"Kebagian juga jatah proyek mbg 
@MuhammadiyinGL",2025-11-16T05:55:38.000Z,0,0,2025-11-16T13:29:06.219153,2.0,MBG,2025-11-16T13:32:04.502774,208.2 seconds,21
twitter,MBG,muchAbJ,Anggaran malah untuk MBG ,2025-11-16T05:55:32.000Z,0,0,2025-11-16T13:29:06.358986,2.0,MBG,2025-11-16T13:32:04.502774,208.2 seconds,21
twitter,MBG,John Lee KTP,Excited to see how $MBG evolves! What’s next?,2025-11-16T05:55:24.000Z,0,0,2025-11-16T13:29:06.502353,2.0,MBG,2025-11-16T13:32:04.502774,208.2 seconds,21
twitter,MBG,win winner,"koordinasi adalah menentukan siapa dan di mana sasaran MBG berada (data siswa, jadwal sekolah, dan lokasi sekolah di daerah 3T). Tanpa data akurat dari Kemendikbudristek dan Kemenag, penetapan sasaran akan sia-sia. sehingga efektivitasnya sangat bergantung pada koordinasi",2025-11-16T05:55:07.000Z,0,0,2025-11-16T13:29:06.623129,2.0,MBG,2025-11-16T13:32:04.502774,208.2 seconds,21
twitter,MBG,Stephenblaq,"gm ct  

another day to go all in on 
@multibank_io
 

multibank brings regulated trading, real-world asset access, and true web3 utility together in one ecosystem powered by $MBG",2025-11-16T05:54:02.000Z,95,1,2025-11-16T13:29:06.754876,2.0,MBG,2025-11-16T13:32:04.502774,208.2 seconds,21
twitter,MBG,laut,"kuat kuat imun tubuh, bentar lagi udah ga dapet mbg kok ",2025-11-16T05:53:36.000Z,0,0,2025-11-16T13:29:06.896395,2.0,MBG,2025-11-16T13:32:04.502774,208.2 seconds,21
twitter,MBG,laut,the bacterias from mbg in my stomach:,2025-11-16T05:53:35.000Z,0,0,2025-11-16T13:29:07.015065,2.0,MBG,2025-11-16T13:32:04.502774,208.2 seconds,21
twitter,MBG,Esa,"Kalo ada dapur mbg yang butuh food taster, gue mau volunteer ya. Siap dan bersedia diracun, no worries gak bakal nuntut",2025-11-16T05:53:29.000Z,0,0,2025-11-16T13:29:07.132763,2.0,MBG,2025-11-16T13:32:04.502774,208.2 seconds,21
twitter,MBG,kacang tojin,"ketika Hak dasar dibisniskan semuanya cuman di itung untung rugi tai kcg
MBG itu noh lu kritik tod, mending dananya dipake buat subsidi bpjs",2025-11-16T05:52:33.000Z,0,0,2025-11-16T13:29:07.257876,2.0,MBG,2025-11-16T13:32:04.502774,208.2 seconds,21
twitter,MBG,Fine fine saja,"Nah ini, harusnya lebih selektif dalam penerimaan kru mbg nya, termasuk bukan perokok harusnya diwajibkan, karena alesan kaya gimana pun, bau rokok pasti bakal ngeflek ke baju dan tangan kru tersebut.",2025-11-16T05:52:21.000Z,2,0,2025-11-16T13:29:07.379394,2.0,MBG,2025-11-16T13:32:04.502774,208.2 seconds,21
twitter,MBG,Eras A.Lim asli (tidak buka cabang),"pasti hobi mancing si pnyedia MBG...
bisa2-nya pasang umpan....
mancing emosi penonton ini sih...",2025-11-16T05:52:17.000Z,0,0,2025-11-16T13:29:07.509499,2.0,MBG,2025-11-16T13:32:04.502774,208.2 seconds,21
twitter,MBG,nina bobo ◜◡◝,"ya gmn, orang² yg kerja di MBG bukan orang bidang kuliner. dari bawahan sampe atasannya, jadi wajar kl kacau balau",2025-11-16T05:51:21.000Z,1,0,2025-11-16T13:29:07.650173,2.0,MBG,2025-11-16T13:32:04.502774,208.2 seconds,21
twitter,MBG,wonbin istriku,mbg (my bini gw),2025-11-16T05:51:01.000Z,0,0,2025-11-16T13:29:07.760343,2.0,MBG,2025-11-16T13:32:04.502774,208.2 seconds,21
twitter,MBG,yowie,"Heran, mestinya MBG itu diganti menjadi program mencerdaskan termul. Org kok bodonya kebangeten. Jangan jangan memang tempat nyimpen memorinya gak ada, tapi minimal jati nuraninya masih punya..",2025-11-16T05:49:00.000Z,1,0,2025-11-16T13:29:07.882219,2.0,MBG,2025-11-16T13:32:04.502774,208.2 seconds,21
twitter,MBG,Grok,"Ya, program MBG meningkatkan permintaan telur dan ayam secara signifikan, sehingga berkontribusi pada inflasi komoditas tersebut sebesar 4,34% untuk telur dan 1,13% untuk daging ayam pada Oktober 2025 menurut BPS. Lonjakan ini bagian dari inflasi volatile food, tapi faktor lain",2025-11-16T05:47:23.000Z,0,0,2025-11-16T13:29:07.995123,2.0,MBG,2025-11-16T13:32:04.502774,208.2 seconds,21
twitter,MBG,Tapasya Tak akur,"Puas kalian hina MBG kami?
Puas kalian lihat kami begini?
Puas kalian, HAH?

Belum puas?
Hina kami sepuasmu.
Tapi maaf, jangan MBG kami!

Satu hal yang perlu kalian inget,
Jika kalian benci MBG
Kami juga BENCI sama kalian!
Camkan itu!",2025-11-16T05:43:59.000Z,6,1,2025-11-16T13:29:14.832777,2.0,MBG,2025-11-16T13:32:04.502774,208.2 seconds,21
twitter,MBG,Dini,sosialisasi mbg di bekasi makin gaspol buat nurunin stunting dan ningkatin kualitas sdm. pemerintah serius banget ngepush program makan bergizi gratis biar anak-anak tumbuh sehat dan makin cerdas. semoga makin luas jangkauannya!,2025-11-16T05:42:23.000Z,0,0,2025-11-16T13:29:14.987842,2.0,MBG,2025-11-16T13:32:04.502774,208.2 seconds,21
twitter,MBG,"JaydeeXBT (❖,❖)","Multibank isn’t just another DeFi platform, it is actively bridging the gap between the banking world we know and the crypto economy we are building. Real regulatory licenses, real infrastructure, and a token, $MBG, that gives users more than hype.

They’re putting incentives",2025-11-16T05:42:11.000Z,17,0,2025-11-16T13:29:15.193706,2.0,MBG,2025-11-16T13:32:04.502774,208.2 seconds,21
twitter,MBG,dane,"actually iya. tapi ada lebih banyak yang pernah ku ciduk dan lebih jorok lagi kak. gapake baju, keringetan, pake wadah kranjang disatu satuin doang, aku kira juga gorengan, ternyata mbg buat di sd ",2025-11-16T05:41:56.000Z,0,0,2025-11-16T13:29:15.327463,2.0,MBG,2025-11-16T13:32:04.502774,208.2 seconds,21
twitter,MBG,Alesyah,"Dana terbatas gmana KOCAAK, mbg dananya paling gede terbatas biji mata Lo",2025-11-16T05:41:20.000Z,0,0,2025-11-16T13:29:15.441996,2.0,MBG,2025-11-16T13:32:04.502774,208.2 seconds,21
twitter,MBG,ca.,esok mulai nyiapin mbg buat diri sendiri lagi,2025-11-16T05:40:48.000Z,0,0,2025-11-16T13:29:15.555661,2.0,MBG,2025-11-16T13:32:04.502774,208.2 seconds,21
twitter,MBG,⋆｡ﾟ☁︎｡⋆｡ ﾟ☾ ﾟ｡⋆,bagaimana memang mbg itu sebenernya? udah menuhin standar steril belum?,2025-11-16T05:39:16.000Z,5,0,2025-11-16T13:29:15.671758,2.0,MBG,2025-11-16T13:32:04.502774,208.2 seconds,21
twitter,MBG,sierra,"Salut banget sama langkah nyata pemerintah lewat MBG. Anak-anak di sekolah sekarang bisa makan dengan senyum lebar tanpa khawatir, karena mereka tahu setiap hari ada makanan sehat yang siap disantap.",2025-11-16T05:37:49.000Z,0,0,2025-11-16T13:29:15.791863,2.0,MBG,2025-11-16T13:32:04.502774,208.2 seconds,21
twitter,MBG,sierra,Setiap piring makan MBG adalah investasi untuk masa depan bangsa yang lebih cerdas.,2025-11-16T05:37:43.000Z,0,0,2025-11-16T13:29:15.925510,2.0,MBG,2025-11-16T13:32:04.502774,208.2 seconds,21
twitter,MBG,˗ˏˋdoryˎˊ˗,"Lewat MBG, anak-anak punya alasan buat datang ke sekolah dengan senyum dan semangat.",2025-11-16T05:37:07.000Z,0,0,2025-11-16T13:29:16.052889,2.0,MBG,2025-11-16T13:32:04.502774,208.2 seconds,21
twitter,MBG,˗ˏˋdoryˎˊ˗,"Kalau dulu banyak anak ke sekolah dengan perut kosong, sekarang lewat MBG mereka datang dengan semangat baru. Energi cukup, gizi seimbang, dan semangat belajar meningkat.",2025-11-16T05:36:55.000Z,0,0,2025-11-16T13:29:16.183231,2.0,MBG,2025-11-16T13:32:04.502774,208.2 seconds,21
twitter,MBG,—vopsa,Anak-anak yang sehat hari ini adalah pemimpin hebat di masa depan. MBG punya peran besar untuk wujudkan itu.,2025-11-16T05:35:58.000Z,0,0,2025-11-16T13:29:16.302579,2.0,MBG,2025-11-16T13:32:04.502774,208.2 seconds,21
twitter,MBG,—vopsa,MBG adalah bentuk kasih sayang negara pada generasi penerusnya. Karena masa depan dimulai dari gizi hari ini.,2025-11-16T05:35:52.000Z,0,0,2025-11-16T13:29:16.451134,2.0,MBG,2025-11-16T13:32:04.502774,208.2 seconds,21
twitter,MBG,kusumaputri,Program MBG untuk generasi Banten sehat dan cerdas,2025-11-16T05:32:58.000Z,0,0,2025-11-16T13:29:25.343008,2.0,MBG,2025-11-16T13:32:04.502774,208.2 seconds,21
twitter,MBG,⋆Jane,Setiap anak yang kenyang dan sehat adalah bukti nyata keberhasilan MBG di lapangan.,2025-11-16T05:32:48.000Z,0,0,2025-11-16T13:29:25.565241,2.0,MBG,2025-11-16T13:32:04.502774,208.2 seconds,21
twitter,MBG,Angga Hasibuan,SPPG Simpang Agung melakukan cek kesehatan berkala untuk para relawan di dapur MBG. Mulai pemeriksaan TB/BB hingga tekanan darah dilakukan. Keren,2025-11-16T05:32:14.000Z,0,0,2025-11-16T13:29:25.692088,2.0,MBG,2025-11-16T13:32:04.502774,208.2 seconds,21
twitter,MBG,Polisi Palembang,"11 Dapur SPPG di Empat Lawang Sudah Beroperasi Penuh, Distribusikan Makanan ke 22.511 Siswa

SPPG adalah unit dapur yang bertugas menyediakan dan mendistribusikan makanan bergizi untuk target penerima manfaat program MBG. 

SC:
Tribunsumsel.com

#musisatu #kapoldasumsel",2025-11-16T05:31:49.000Z,0,0,2025-11-16T13:29:25.814313,2.0,MBG,2025-11-16T13:32:04.502774,208.2 seconds,21
twitter,MBG,Hazel.,"The moment sekolah tempat emakku mengajar dapet MBG, udah nethink duluan wkwk dan kepikiran begini setelah mam mbgnya ""bakal keracunan gak ya""",2025-11-16T05:31:22.000Z,0,0,2025-11-16T13:29:25.932100,2.0,MBG,2025-11-16T13:32:04.502774,208.2 seconds,21
twitter,MBG,ayeyy mpreghhhh,"@starshiyna
 ternyata kmren lu debat ama pembela MBG",2025-11-16T05:30:48.000Z,1,0,2025-11-16T13:29:26.105088,2.0,MBG,2025-11-16T13:32:04.502774,208.2 seconds,21
twitter,MBG,Lilo,MBG will be so Huge fam,2025-11-16T05:30:08.000Z,0,0,2025-11-16T13:29:26.270429,2.0,MBG,2025-11-16T13:32:04.502774,208.2 seconds,21
twitter,MBG,Angga Hasibuan,Sosialisasi MBG di Bekasi digencarkan lagi. Target utama MBG tentu untuk meningkatkan kesehatan dan kecerdasan generasi bangsa. Satu langkah strategis pemerintah yang harus didukung bersama.,2025-11-16T05:30:06.000Z,0,0,2025-11-16T13:29:26.414001,2.0,MBG,2025-11-16T13:32:04.502774,208.2 seconds,21
twitter,MBG,ra,kok komen lu banyak pembela MBG bang?,2025-11-16T05:29:44.000Z,5,0,2025-11-16T13:29:26.527909,2.0,MBG,2025-11-16T13:32:04.502774,208.2 seconds,21
twitter,MBG,Zamharie,"Program MBG hrs disyukuri krn nyata ada nasi yg dimakan anak-anak Indonesia. Perlu mendapat perhatian Rakyat adalah program Foof estate yg pertama dan kedua.
Pertama tanam singkong panen Jagung. Yg kedua tanam apa ? Jumlah anggaran sdh ratusan Trilyun barangkali.",2025-11-16T05:29:41.000Z,1,0,2025-11-16T13:29:26.643558,2.0,MBG,2025-11-16T13:32:04.502774,208.2 seconds,21
twitter,MBG,Anggela,"Dengan standar disiplin yang ketat, Polri menjaga 600 dapur MBG tetap aman dan tanpa kendala. Manajemen rapi ini membuktikan pelayanan bisa dilakukan dengan penuh tanggung jawab. Kerja Nyata #LanjutkanMBG 

PONDPHUWIN AT MAT PREMIERE",2025-11-16T05:29:40.000Z,0,0,2025-11-16T13:29:26.753342,2.0,MBG,2025-11-16T13:32:04.502774,208.2 seconds,21
twitter,MBG,Ayu Maria,MBG langkah strategis untuk meningkatkan kesehatan dan gizi anak-anak di seluruh negeri!,2025-11-16T05:28:26.000Z,0,0,2025-11-16T13:29:26.866290,2.0,MBG,2025-11-16T13:32:04.502774,208.2 seconds,21
twitter,MBG,abuibrahim.,"dirumah gw gaada peraturan kebersihan, gaada standar khusus, kalopun emang sakit ya yang nanggung orang dirumah gw juga. Beda sama MBG buat ribuan atau bahkan ratusan ribu anak sekolah, tanggung jawabnya gede. Nih baca kalo ga males. 
ihpi.umich.edu/news/your-cell
…",2025-11-16T05:26:45.000Z,8,0,2025-11-16T13:29:35.105273,2.0,MBG,2025-11-16T13:32:04.502774,208.2 seconds,21
twitter,MBG,Nur,"Fokus utama program MBG tentu meningkatkan kesehatan dan kecerdasan anak bangsa. Jelas itu. tubuh sehat, perut kenyang, lebih banyak energi untuk otak menyerap pelajaran sekolah. SDM jadi lebih kuat.",2025-11-16T05:26:24.000Z,0,0,2025-11-16T13:29:35.219745,2.0,MBG,2025-11-16T13:32:04.502774,208.2 seconds,21
twitter,MBG,Rainbow is Magic,"Dari sepiring nasi MBG ada banyak kisah tentang sebuah perjuangan.

Yuk kita hargai kinerja mereka tanpa mereka program ini tidak akan berjalan",2025-11-16T05:25:55.000Z,0,0,2025-11-16T13:29:35.365444,2.0,MBG,2025-11-16T13:32:04.502774,208.2 seconds,21
twitter,MBG,Serunai,"@ZUL_Hasan
 kalau sekilo tiap hari lu dan keluarga makan habis itu udang, mau gak? Bacot lu soal makanan itu  sering tidak pintar. dan lu diangkat jadi bagian MBG itu kebodohan 
@prabowo
 . seharusnya tahu diri mampu atau tidak tangani. gak tahu malu sama sekali lu.",2025-11-16T05:25:41.000Z,0,0,2025-11-16T13:29:35.497329,2.0,MBG,2025-11-16T13:32:04.502774,208.2 seconds,21
twitter,MBG,seekor tytyd,"Lo tau gak klo dapur mbg bisa dpt 100 juta lebih perbulan dari biaya sewa doang? Disiplin itu ga butuh biaya tambahan, itu hp bs di taru loker room. Dan loker room itu udah pasti ada di dapur, klo ga ada berarti dapurnya busuk",2025-11-16T05:25:31.000Z,0,0,2025-11-16T13:29:35.621173,2.0,MBG,2025-11-16T13:32:04.502774,208.2 seconds,21
twitter,MBG,Yulia Hartati,"Porsi maksimal yang bisa dilayani oleh SPPG Angsau Dia Polres Tala Kalimantan Selatan sebanyak 3.570 porsi MBG terbagi untuk 21 sekolah. Luar biasa. Gimana cara cepat sebar bagi ke sekolah ya? 
Keren Polres Tala",2025-11-16T05:24:05.000Z,0,0,2025-11-16T13:29:35.736163,2.0,MBG,2025-11-16T13:32:04.502774,208.2 seconds,21
twitter,MBG,Artanto Wibisono,"Presiden Prabowo sadar banget generasi muda nggak boleh jalan sendiri, ada MBG buat temenin ke Indonesia Emas 2045",2025-11-16T05:24:04.000Z,0,0,2025-11-16T13:29:35.850896,2.0,MBG,2025-11-16T13:32:04.502774,208.2 seconds,21
twitter,MBG,Jihan Fida,"Setiap porsi MBG dari SPPG Angsau Dua bukan hanya mengenyangkan, tapi juga nemenin langkah anak-anak biar lebih semangat belajar. Dukungan kecil yang berarti besar.",2025-11-16T05:23:09.000Z,0,0,2025-11-16T13:29:35.965549,2.0,MBG,2025-11-16T13:32:04.502774,208.2 seconds,21
twitter,MBG,bukan farel,lumayan dapat MBG,2025-11-16T05:22:41.000Z,0,0,2025-11-16T13:29:36.089086,2.0,MBG,2025-11-16T13:32:04.502774,208.2 seconds,21
twitter,MBG,Jihan Fida,"Dengan dukungan lintas kementerian yang makin solid, MBG bergerak lebih cepat dalam menjawab tantangan pangan, membawa optimisme baru bagi masyarakat untuk hidup lebih sehat dan berkecukupan.",2025-11-16T05:22:02.000Z,0,0,2025-11-16T13:29:36.217382,2.0,MBG,2025-11-16T13:32:04.502774,208.2 seconds,21
twitter,MBG,Iwan Widijarsa,dana terbatas padahal anggaran buat mbg paling gede diantara anggaran yang lain ,2025-11-16T05:21:46.000Z,28,0,2025-11-16T13:29:36.402115,2.0,MBG,2025-11-16T13:32:04.502774,208.2 seconds,21
twitter,MBG,Yulia Hartati,"Waaah kalau SOP begini maah, top banget MBG. Relawan dicek kesehatan berkala? 3bulan sekali? Keren.",2025-11-16T05:21:21.000Z,0,0,2025-11-16T13:29:36.574036,2.0,MBG,2025-11-16T13:32:04.502774,208.2 seconds,21
twitter,MBG,jane,"Kesehatan relawan menjadi fondasi penting dalam keberhasilan program. Dengan pemeriksaan berkala, SPPG memastikan setiap hidangan MBG disiapkan oleh tenaga yg bugar, terjaga, dan siap melayani anak-anak setiap hari.",2025-11-16T05:19:02.000Z,0,0,2025-11-16T13:29:45.425482,2.0,MBG,2025-11-16T13:32:04.502774,208.2 seconds,21
twitter,MBG,Bandit Kota,"SPPG Semayap benar-benar menunjukkan dedikasi luar biasa! Membelah laut demi memastikan anak-anak mendapatkan gizi yg cukup melalui Kerja Nyata program MBG adalah contoh nyata komitmen utk meningkatkan kualitas hidup generasi penerus bangsa.
#LanjutkanMBG

Minggu Peach Komdigi",2025-11-16T05:18:36.000Z,0,0,2025-11-16T13:29:45.543397,2.0,MBG,2025-11-16T13:32:04.502774,208.2 seconds,21
twitter,MBG,BomNie,Merging TradFi security with Web3 innovation like $mbg is the game changer we need. Are others feeling the excitement of this shift too?,2025-11-16T05:18:28.000Z,0,0,2025-11-16T13:29:45.663404,2.0,MBG,2025-11-16T13:32:04.502774,208.2 seconds,21
twitter,MBG,Shinta,"Dengan dukungan semua pihak, MBG diharapkan terus menghadirkan rasa aman bagi masyarakat, terutama menjelang hari-hari besar yang membutuhkan konsumsi pangan lebih banyak.",2025-11-16T05:18:06.000Z,0,0,2025-11-16T13:29:45.817670,2.0,MBG,2025-11-16T13:32:04.502774,208.2 seconds,21
twitter,MBG,Anggela,"Kepala MBG menyesalkan kejadian di Bogor dan meminta seluruh tim untuk meningkatkan kewaspadaan di lapangan. Komitmen menjaga gizi anak tetap nomor satu. Kerja Nyata #LanjutkanMBG 

PONDPHUWIN AT MAT PREMIERE",2025-11-16T05:17:09.000Z,0,0,2025-11-16T13:29:45.945231,2.0,MBG,2025-11-16T13:32:04.502774,208.2 seconds,21
twitter,MBG,Shinta,"Senang melihat semangat para relawan yang menyiapkan ribuan porsi MBG. Kerjanya tulus, hasilnya terasa langsung untuk murid-murid di banyak sekolah.",2025-11-16T05:16:50.000Z,0,0,2025-11-16T13:29:46.076450,2.0,MBG,2025-11-16T13:32:04.502774,208.2 seconds,21
twitter,MBG,Manudia Sx,Program MBG terus memberi dampak besar. SPPG Angsau Dua kini sanggup menyalurkan 3.570 porsi ke 21 sekolah. Langkah kecil yang hasilnya nyata untuk anak-anak.,2025-11-16T05:16:26.000Z,0,0,2025-11-16T13:29:46.211566,2.0,MBG,2025-11-16T13:32:04.502774,208.2 seconds,21
twitter,MBG,˖ ࣪ 𝒩eulilꪮ ! ♡,kayaknya besok senin aku dapet MBG deh (*´∀`) akhirnya setelah antri lama,2025-11-16T05:15:57.000Z,0,0,2025-11-16T13:29:46.340210,2.0,MBG,2025-11-16T13:32:04.502774,208.2 seconds,21
twitter,MBG,Manudia Sx,"Dengan beroperasinya ribuan SPPG di berbagai daerah, MBG membantu memastikan anak-anak hingga lansia mendapatkan akses gizi yang lebih baik.",2025-11-16T05:15:51.000Z,0,0,2025-11-16T13:29:46.456245,2.0,MBG,2025-11-16T13:32:04.502774,208.2 seconds,21
twitter,MBG,Rasabadi,Program MBG di Bekasi fokus pada strategi menurunkan stunting dan memperkuat SDM. Ini adalah langkah pemerintah untuk meningkatkan kesehatan dan kecerdasan generasi penerus.,2025-11-16T05:15:29.000Z,0,0,2025-11-16T13:29:46.572308,2.0,MBG,2025-11-16T13:32:04.502774,208.2 seconds,21
twitter,MBG,w,pemrenta banggain penyerapan tenaga kerja lewat program mbg. saya beberapakali liat ada pemkab/pemkot yg meluncurkan jobfair tapi gatau kelanjutannya gimana,2025-11-16T05:15:24.000Z,2,0,2025-11-16T13:29:46.687736,2.0,MBG,2025-11-16T13:32:04.502774,208.2 seconds,21
twitter,MBG,rheiradix,"Capaian SPPG Angsau Dua: SPPG Angsau Dua (Polres Tanah Laut) mencapai produksi maksimal, menyalurkan 3.570 porsi MBG kepada penerima manfaat di 21 sekolah",2025-11-16T05:14:53.000Z,0,0,2025-11-16T13:29:46.804303,2.0,MBG,2025-11-16T13:32:04.502774,208.2 seconds,21
twitter,MBG,Anne Hasbie,"Mengesankan, tapi semoga pendataan anak penerima MBG bener-bener update supaya nggak ada yang terlewat.",2025-11-16T05:13:54.000Z,0,0,2025-11-16T13:29:55.554295,2.0,MBG,2025-11-16T13:32:04.502774,208.2 seconds,21
twitter,MBG,DCV.PhucXO,exciting future for tradfi and web3. what's next for mbg?,2025-11-16T05:13:28.000Z,0,0,2025-11-16T13:29:55.680530,2.0,MBG,2025-11-16T13:32:04.502774,208.2 seconds,21
twitter,MBG,T!T.Jackson ✦,"Yeah, $mbg's got real potential.",2025-11-16T05:13:23.000Z,0,0,2025-11-16T13:29:55.804487,2.0,MBG,2025-11-16T13:32:04.502774,208.2 seconds,21
twitter,MBG,Phước Lep | 𝔽rAI,The blend of TradFi security and web3 innovation is a game-changer. How excited are you for $mbg to lead this charge?,2025-11-16T05:12:05.000Z,0,0,2025-11-16T13:29:55.988408,2.0,MBG,2025-11-16T13:32:04.502774,208.2 seconds,21
twitter,MBG,Tekarok 007,"Bahkan selain anak-anak sekolah dengan MBG, kesehatan SPPG juga diperhatikan pemerintah karena mereka juga termasuk rakyat kecil.",2025-11-16T05:10:06.000Z,0,0,2025-11-16T13:29:56.122139,2.0,MBG,2025-11-16T13:32:04.502774,208.2 seconds,21
twitter,MBG,哈世链闻,MultiBank把RWA、监管牌照和多链交易对拼在一起，走的是合规+机构化路线。超豪宅做起点、TradFi互通和低费率的组合很有看点，$MBG生态值得继续跟踪与验证。,2025-11-16T05:09:19.000Z,1,0,2025-11-16T13:29:56.248590,2.0,MBG,2025-11-16T13:32:04.502774,208.2 seconds,21
twitter,MBG,Sutejo M,"Melihat anak-anak tersenyum saat menerima MBG membuktikan bahwa program ini bukan sekadar makan gratis, tapi kepedulian yang nyata. ",2025-11-16T05:09:10.000Z,0,0,2025-11-16T13:29:56.372483,2.0,MBG,2025-11-16T13:32:04.502774,208.2 seconds,21
twitter,MBG,Sutejo M,Produksi 3.570 porsi MBG per hari menunjukkan kerja keras tim SPPG Angsau Dua yang terus konsisten memenuhi kebutuhan gizi pelajar. Mantap! ,2025-11-16T05:08:36.000Z,0,0,2025-11-16T13:29:56.493465,2.0,MBG,2025-11-16T13:32:04.502774,208.2 seconds,21
twitter,MBG,viee,SPPG Angsau Dua catat 3.570 porsi penerima manfaat MBG,2025-11-16T05:06:51.000Z,0,0,2025-11-16T13:29:56.614797,2.0,MBG,2025-11-16T13:32:04.502774,208.2 seconds,21
twitter,MBG,Dosen Pembimbing,"Daripada nge-gas, mending baca dulu SOP-nya. Kalau mau diskusi langsung ayo silakan dm, saya nanti bisa share ilmu tentang standar food safety dan penerapan WHO Five Keys yang jadi acuan MBG.",2025-11-16T05:06:45.000Z,352,15,2025-11-16T13:29:56.735470,2.0,MBG,2025-11-16T13:32:04.502774,208.2 seconds,21
twitter,MBG,O K I,"BUMN dan MBG arah penyerapan dana yg luar biasa ...
Ucuk ucuk grafik kemiskinan pun menurun",2025-11-16T05:06:27.000Z,0,0,2025-11-16T13:29:56.859649,2.0,MBG,2025-11-16T13:32:04.502774,208.2 seconds,21
twitter,MBG,Aprilia Wiji,"Badan Gizi Nasional menegaskan komitmennya untuk terus menyempurnakan pelaksanaan program Makan Bergizi Gratis di seluruh Indonesia.
MBG bertujuan untuk mewujudkan generasi muda Indonesia yang sehat kuat dan produktif.

#LanjutkanMBG 

Kulkas Narkoba #Trump Minggu #Gaza",2025-11-16T05:05:00.000Z,0,1,2025-11-16T13:29:56.991481,2.0,MBG,2025-11-16T13:32:04.502774,208.2 seconds,21
twitter,MBG,Topik Santosa,"Kalau kementerian kerja bareng-bareng, Program MBG makin mantap! Anak-anak senang, layanan makin oke..",2025-11-16T05:04:47.000Z,0,0,2025-11-16T13:29:57.113961,2.0,MBG,2025-11-16T13:32:04.502774,208.2 seconds,21
twitter,MBG,Aaron,"selanjutnya mereka gk usah kasih report ke atasan, dan atasan gk usah kasih report ke pemerintah

v

trus ada trouble mbg lg

v

salahin lg",2025-11-16T05:04:46.000Z,2,3,2025-11-16T13:29:57.248742,2.0,MBG,2025-11-16T13:32:04.502774,208.2 seconds,21
twitter,MBG,jane,Program MBG adalah upaya berkelanjutan untuk meningkatkan gizi masyarakat. Mari dukung terus langkah Tim Koordinasi Lintas Kementerian/Lembaga.,2025-11-16T05:01:41.000Z,0,0,2025-11-16T13:30:06.067884,2.0,MBG,2025-11-16T13:32:04.502774,208.2 seconds,21
twitter,MBG,fajar online,"Terkait Keracunan MBG, Kepala BGN Bilang karena Petani Berlebihan Menggunakan Nitrogen",2025-11-16T05:00:58.000Z,0,0,2025-11-16T13:30:06.201479,2.0,MBG,2025-11-16T13:32:04.502774,208.2 seconds,21
twitter,MBG,KING.base.eth,"Multibank received $3B from its partners; Mavryk and MAGE group 

This shows they believe in 
@multibank_io
 and what they are building 

The vision has started since 2005 and doesn’t looks like it’s ending soon 

Led by Naser Taher and his team Multibank is here to stay 

$MBG is",2025-11-16T05:00:27.000Z,11,0,2025-11-16T13:30:06.341190,2.0,MBG,2025-11-16T13:32:04.502774,208.2 seconds,21
twitter,MBG,Mala Ayunda,"SPPG Angsau Dua milik Polres Tala berhasil menyalurkan hingga 3.570 porsi MBG ke 21 sekolah. Kerja sama dapur dan relawan membuat layanan gizi ini semakin maksimal, membantu lebih banyak anak menerima manfaat makanan bergizi setiap hari.",2025-11-16T05:00:19.000Z,0,0,2025-11-16T13:30:06.464566,2.0,MBG,2025-11-16T13:32:04.502774,208.2 seconds,21
twitter,MBG,#Abu,"Jangan diberikan pak pur, LPJ kan dulu sampai akhir tahun 2025, berikan daftar realisasi MBG tahun ini. 2026 upload anggaran terbaru pertahun.",2025-11-16T04:59:44.000Z,0,0,2025-11-16T13:30:06.584860,2.0,MBG,2025-11-16T13:32:04.502774,208.2 seconds,21
twitter,MBG,Mala Ayunda,Sosialisasi MBG di Bekasi jadi bukti nyata komitmen pemerintah menurunkan stunting dan menguatkan kualitas SDM. Langkah sederhana dengan dampak besar untuk masa depan anak-anak.,2025-11-16T04:59:19.000Z,0,0,2025-11-16T13:30:06.706509,2.0,MBG,2025-11-16T13:32:04.502774,208.2 seconds,21
twitter,MBG,JensEddie Shibata,"MBG: Komitmen untuk kesehatan, kecerdasan, dan masa depan Indonesia bebas stunting. Bersama kita bisa!",2025-11-16T04:58:51.000Z,0,0,2025-11-16T13:30:06.833119,2.0,MBG,2025-11-16T13:32:04.502774,208.2 seconds,21
twitter,MBG,Alwi,"Program MBG ini bagus, mungkin pelaksanaan dan kualitas makanannya yg perlu diperbaiki,,",2025-11-16T04:58:43.000Z,0,0,2025-11-16T13:30:06.952688,2.0,MBG,2025-11-16T13:32:04.502774,208.2 seconds,21
twitter,MBG,JensEddie Shibata,"Alhamdulillah, kini SPPG Angsau Dua mampu layani produksi MBG di 21 sekolah—nutrisi gratis dan semangat untuk masa depan cerah!",2025-11-16T04:58:39.000Z,0,0,2025-11-16T13:30:07.066500,2.0,MBG,2025-11-16T13:32:04.502774,208.2 seconds,21
twitter,MBG,Heybee,"Nih gue kasih penjelasan untuk otak kau yang goblok itu kenapa harus steril banget, gue punya temen yang dapat proyek MBG, mereka mulai kemas dan siapin masa jam 1 pagi, beli sayur jam 7-8 malam, itung aja berapa jam sampe dimakan",2025-11-16T04:58:15.000Z,2,0,2025-11-16T13:30:07.183906,2.0,MBG,2025-11-16T13:32:04.502774,208.2 seconds,21
twitter,MBG,narinarena,SPPG Angsau Dua capai 3.570 porsi MBG! Komitmen nyata Polres Tala beri gizi terbaik untuk anak sekolah di Tanah Laut.,2025-11-16T04:58:01.000Z,0,0,2025-11-16T13:30:07.298083,2.0,MBG,2025-11-16T13:32:04.502774,208.2 seconds,21
twitter,MBG,Lordfaith,"Good morning frens

Happy sunday!

Today’s focus is on 
@rainbowdotme
 and 
@multibank_io
 

> rainbowdotme is the best EVM wallet out there, also good for perps. $ETH rewards for points holders

> multibank_io is redefining tokenization of real world assets with $MBG",2025-11-16T04:57:47.000Z,69,2,2025-11-16T13:30:07.426317,2.0,MBG,2025-11-16T13:32:04.502774,208.2 seconds,21
twitter,MBG,kucing,mbg kechub hari ini thanks to gongs,2025-11-16T04:55:00.000Z,4,0,2025-11-16T13:30:15.248579,2.0,MBG,2025-11-16T13:32:04.502774,208.2 seconds,21
twitter,MBG,Boa Hancook,Pemaparan tentang MBG menegaskan bahwa program ini bukan sekadar bagi makan tetapi investasi jangka panjang bagi kecerdasan dan kesehatan anak. Langkah konkret untuk membangun SDM yang lebih kuat dan berdaya saing,2025-11-16T04:54:50.000Z,0,0,2025-11-16T13:30:15.385608,2.0,MBG,2025-11-16T13:32:04.502774,208.2 seconds,21
twitter,MBG,Inna Harjono,3.570 porsi MBG itu bukan angka kecil—itu harapan buat anak-anak kita!,2025-11-16T04:53:52.000Z,0,0,2025-11-16T13:30:15.519076,2.0,MBG,2025-11-16T13:32:04.502774,208.2 seconds,21
twitter,MBG,seo울 特「별」市,DON'T ever let idid work part time di dapur mbg,2025-11-16T04:52:05.000Z,0,0,2025-11-16T13:30:15.718521,2.0,MBG,2025-11-16T13:32:04.502774,208.2 seconds,21
twitter,MBG,Boa Hancook,"SPPG Simpang Agung yang rutin melakukan cek kesehatan sebulan sekali menunjukkan bahwa pelayanan MBG tidak hanya soal makanan tetapi juga pemantauan kondisi anak secara menyeluruh

Langkah sederhana yang efeknya besar bagi kesehatan pelajar",2025-11-16T04:51:09.000Z,0,0,2025-11-16T13:30:15.864394,2.0,MBG,2025-11-16T13:32:04.502774,208.2 seconds,21
twitter,MBG,pikirdong,"Koq nanya kesiapan Indonesia, Bang? MBG ga ada yang ngurusi, jagung juga belum masuk masa panen, sawah juga...",2025-11-16T04:49:40.000Z,0,0,2025-11-16T13:30:16.020279,2.0,MBG,2025-11-16T13:32:04.502774,208.2 seconds,21
twitter,MBG,Farid Wajdi,Farid Wajdi Farid Wajdi @farid_wajdi70 Ethics of Care Soroti Tata Kelola MBG: “Memalukan dan Memilukan”,2025-11-16T04:48:56.000Z,0,0,2025-11-16T13:30:16.401851,2.0,MBG,2025-11-16T13:32:04.502774,208.2 seconds,21
twitter,MBG,NKRI_0607,"SPPG Angsa Dua Polres Tala Kalsel udah ngegas pol sampai 3.570 porsi MBG, ini baru definisi kerja nyata!",2025-11-16T04:48:41.000Z,0,0,2025-11-16T13:30:16.556329,2.0,MBG,2025-11-16T13:32:04.502774,208.2 seconds,21
twitter,MBG,Aminah Guita,"Pokja-pokja MBG hadir untuk memperkuat distribusi, keamanan pangan, hingga pemberdayaan daerah agar manfaat program makin terasa luas",2025-11-16T04:47:55.000Z,0,0,2025-11-16T13:30:16.704987,2.0,MBG,2025-11-16T13:32:04.502774,208.2 seconds,21
twitter,MBG,Aminah Guita,Sosialisasi MBG di Bekasi menegaskan bahwa pembangunan manusia dimulai dari gizi yang baik agar masa depan generasi penerus lebih kuat dan sehat,2025-11-16T04:47:43.000Z,0,0,2025-11-16T13:30:16.833850,2.0,MBG,2025-11-16T13:32:04.502774,208.2 seconds,21
twitter,MBG,Nuna Apriliaa,"Penguatan pokja dalam Program MBG menunjukkan komitmen serius untuk menjaga stabilitas pangan dan gizi. Dengan koordinasi yang baik, masyarakat dapat menikmati momen-momen besar dengan lebih tenang karena pasokan tetap aman dan terjaga.",2025-11-16T04:47:22.000Z,0,0,2025-11-16T13:30:16.984389,2.0,MBG,2025-11-16T13:32:04.502774,208.2 seconds,21
twitter,MBG,Tasya,"Sosialisasi MBG di Bekasi menunjukkan keseriusan pemerintah memperkuat kualitas SDM sejak dini

Fokus penurunan stunting dan peningkatan kesehatan anak jadi pondasi penting bagi generasi mendatang",2025-11-16T04:46:42.000Z,0,0,2025-11-16T13:30:17.096869,2.0,MBG,2025-11-16T13:32:04.502774,208.2 seconds,21
twitter,MBG,alis yaww,Baiknya yg ngurus mbg lulusan boga pls,2025-11-16T04:46:28.000Z,3,1,2025-11-16T13:30:17.236441,2.0,MBG,2025-11-16T13:32:04.502774,208.2 seconds,21
twitter,MBG,thalia,"Pembentukan 5 Pokja Program MBG ini langkah strategis banget. Dengan 14.773 SPPG aktif di lapangan, koordinasi lintas kementerian jadi kunci agar pasokan pangan stabil dan program makin lancar.",2025-11-16T04:44:17.000Z,0,0,2025-11-16T13:30:26.637328,2.0,MBG,2025-11-16T13:32:04.502774,208.2 seconds,21
twitter,MBG,Garie Siput,MBG sebagai upaya wujudkan visi Indonesia Emas 2045,2025-11-16T04:44:06.000Z,0,0,2025-11-16T13:30:26.762713,2.0,MBG,2025-11-16T13:32:04.502774,208.2 seconds,21
twitter,MBG,LelahSekali,artinya bisa buat mbg yg auditnya gak jelas,2025-11-16T04:43:48.000Z,0,0,2025-11-16T13:30:26.918014,2.0,MBG,2025-11-16T13:32:04.502774,208.2 seconds,21
twitter,MBG,Garie Siput,Australia dukung program MBG Presiden Prabowo,2025-11-16T04:43:33.000Z,0,0,2025-11-16T13:30:27.042292,2.0,MBG,2025-11-16T13:32:04.502774,208.2 seconds,21
twitter,MBG,Garie Siput,MBG bawa berkah bagi peternak ayam petelur,2025-11-16T04:43:24.000Z,0,0,2025-11-16T13:30:27.214628,2.0,MBG,2025-11-16T13:32:04.502774,208.2 seconds,21
twitter,MBG,arip hakim,Program MBG di Bekasi memusatkan perhatian pada upaya menurunkan angka stunting sekaligus memperkuat kualitas sumber daya manusia daerah.,2025-11-16T04:43:09.000Z,0,0,2025-11-16T13:30:27.386148,2.0,MBG,2025-11-16T13:32:04.502774,208.2 seconds,21
twitter,MBG,Allasan7,"Keren sekali SPPG Angsau Dua milik Polres Tala sudah capai 3.570 porsi MBG

Kerja nyata yang langsung terasa manfaatnya untuk anak sekolah. Program ini memang terbukti bantu banyak keluarga",2025-11-16T04:42:48.000Z,0,0,2025-11-16T13:30:27.540933,2.0,MBG,2025-11-16T13:32:04.502774,208.2 seconds,21
twitter,MBG,Hasan Suyukti,Lha sekarang malah kosong di pasar....semua minyak kita masuk ke dapur2 MBG .... Gag tau zulhas itu bisa kerja apa tidak ..,2025-11-16T04:42:31.000Z,0,0,2025-11-16T13:30:27.666591,2.0,MBG,2025-11-16T13:32:04.502774,208.2 seconds,21
twitter,MBG,Luisaa,"Relawan yang sehat memberi pelayanan yang lebih optimal. Karena itu, BGN terus memperhatikan kesehatan para SPPG dengan rutin melakukan pengecekan kesehatan agar seluruh proses penyediaan MBG tetap aman, higienis, dan maksimal untuk kebutuhan gizi anak-anak.",2025-11-16T04:41:49.000Z,0,0,2025-11-16T13:30:27.800706,2.0,MBG,2025-11-16T13:32:04.502774,208.2 seconds,21
twitter,MBG,Rakyat Baris Lurus,Anak Wakil Ketua DPRD Sulsel Kuasai 41 Dapur MBG,2025-11-16T04:41:44.000Z,0,0,2025-11-16T13:30:27.940761,2.0,MBG,2025-11-16T13:32:04.502774,208.2 seconds,21
twitter,MBG,nurulnurul,"Kita doakan MBG semakin baik, dan setiap SPPG tak berhenti mengevaluasi diri demi pelayanan yang lebih maksimal. Inilah Kerja Nyata yang dibutuhkan rakyat #LanjutkanMBG",2025-11-16T04:41:41.000Z,0,0,2025-11-16T13:30:28.068065,2.0,MBG,2025-11-16T13:32:04.502774,208.2 seconds,21
twitter,MBG,Luisaa,Ade Tias Maulana menegaskan bahwa program MBG adalah langkah strategis untuk meningkatkan kesehatan dan kecerdasan anak Bangsa.,2025-11-16T04:41:39.000Z,0,0,2025-11-16T13:30:28.198922,2.0,MBG,2025-11-16T13:32:04.502774,208.2 seconds,21
twitter,MBG,nurulnurul,"Semoga MBG makin baik ke depan, dan semakin banyak SPPG yang melakukan evaluasi demi kebaikan bersama. Semua demi menghadirkan Kerja Nyata yang benar-benar terasa #LanjutkanMBG",2025-11-16T04:40:55.000Z,0,0,2025-11-16T13:30:28.354487,2.0,MBG,2025-11-16T13:32:04.502774,208.2 seconds,21
twitter,MBG,M. Syafirr,"SPPG Angsau Dua Polres Tala capai maksimal 3.570 porsi MBG! 
Dikelola Yayasan Kemala Bhayangkari jajaran Polda Kalsel, kini 21 sekolah nikmati Makan Bergizi Gratis setiap hari.",2025-11-16T04:37:59.000Z,0,0,2025-11-16T13:30:36.291515,2.0,MBG,2025-11-16T13:32:04.502774,208.2 seconds,21
twitter,MBG,Ell,"MBG nya udah di spill duluan,vt proses nyiapin MBG nya menyusul kemudian 

Tapi Manda disini cantik banget 

TikTokAM",2025-11-16T04:37:36.000Z,22,4,2025-11-16T13:30:36.425949,2.0,MBG,2025-11-16T13:32:04.502774,208.2 seconds,21
twitter,MBG,Gyeanitha,Permintaan yang bagus pastinya terus di iringi dengan perbaikan kualitas. Mari kita sukseskan terus program MBG dengan baik demi anak anak Indonesia yang lebih baik,2025-11-16T04:37:11.000Z,0,0,2025-11-16T13:30:36.540376,2.0,MBG,2025-11-16T13:32:04.502774,208.2 seconds,21
twitter,MBG,aye es krim | FB GA! (yg g fb pcr nya boston),kamu hiu yang digoreng buat mbg ya? WKWKWK,2025-11-16T04:36:32.000Z,0,0,2025-11-16T13:30:36.669258,2.0,MBG,2025-11-16T13:32:04.502774,208.2 seconds,21
twitter,MBG,M. Syafirr,"Sosialisasi Program MBG di Bekasi: Fokus pada penurunan angka stunting dan peningkatan kualitas SDM. Ade Tias Maulana menegaskan, Makan Bergizi Gratis (MBG) adalah langkah strategis pemerintah untuk mencetak generasi sehat, cerdas, dan unggul! ",2025-11-16T04:36:27.000Z,0,0,2025-11-16T13:30:36.816157,2.0,MBG,2025-11-16T13:32:04.502774,208.2 seconds,21
twitter,MBG,Nayla Faatin,"SPPG Angsau Dua Polres Tala sukses mencapai 3.570 porsi MBG, bukti nyata komitmen dalam memenuhi gizi anak-anak sekolah dan memperluas manfaat bagi semakin banyak penerima.",2025-11-16T04:36:17.000Z,0,0,2025-11-16T13:30:36.938054,2.0,MBG,2025-11-16T13:32:04.502774,208.2 seconds,21
twitter,MBG,huhuhaha,Mau nya elu di penjara..biar dpt MBG,2025-11-16T04:36:14.000Z,0,0,2025-11-16T13:30:37.057408,2.0,MBG,2025-11-16T13:32:04.502774,208.2 seconds,21
twitter,MBG,Hil.,??????? I’m still mbg biggest haters btw and it wont change,2025-11-16T04:35:23.000Z,0,0,2025-11-16T13:30:37.183731,2.0,MBG,2025-11-16T13:32:04.502774,208.2 seconds,21
twitter,MBG,Semad,"Melalui penyampaian yang dilakukan dalam kegiatan sosialisasi, dijelaskan bahwa Program MBG menjadi bentuk komitmen pemerintah untuk memastikan anak-anak mendapatkan asupan gizi yang cukup.",2025-11-16T04:35:17.000Z,0,0,2025-11-16T13:30:37.301439,2.0,MBG,2025-11-16T13:32:04.502774,208.2 seconds,21
twitter,MBG,Nayla Faatin,"Edukasi MBG di Bekasi terus digencarkan untuk menurunkan stunting dan memperkuat kualitas SDM, memastikan generasi muda tumbuh sehat, cerdas, dan siap bersaing.",2025-11-16T04:35:11.000Z,0,0,2025-11-16T13:30:37.441382,2.0,MBG,2025-11-16T13:32:04.502774,208.2 seconds,21
twitter,MBG,Marselio.,"Kerja hening, hasil terang. Dari dapur SPPG Angsau Dua sampai ke meja makan anak sekolah, 3.570 porsi MBG tersalurkan tanpa putus. Kolaborasi yang beneran berdampak.",2025-11-16T04:35:09.000Z,0,0,2025-11-16T13:30:37.567217,2.0,MBG,2025-11-16T13:32:04.502774,208.2 seconds,21
twitter,MBG,goodnight,"Anak-anak lebih aktif berpartisipasi dalam kegiatan olahraga dan ekstrakurikuler.
Gizi baik membantu menjaga suasana hati dan emosi anak tetap stabil.

~kawal MBG~",2025-11-16T04:35:07.000Z,0,0,2025-11-16T13:30:37.683735,2.0,MBG,2025-11-16T13:32:04.502774,208.2 seconds,21
twitter,MBG,Hidup Nusantara,Australia dukung program MBG Presiden Prabowo,2025-11-16T04:33:32.000Z,0,0,2025-11-16T13:30:45.228599,2.0,MBG,2025-11-16T13:32:04.502774,208.2 seconds,21
twitter,MBG,rahmawati,Dukung Program MBG di Papua,2025-11-16T04:33:26.000Z,0,0,2025-11-16T13:30:45.344072,2.0,MBG,2025-11-16T13:32:04.502774,208.2 seconds,21
twitter,MBG,rahmawati,Dukung Program MBG di Papua,2025-11-16T04:33:20.000Z,0,0,2025-11-16T13:30:45.457746,2.0,MBG,2025-11-16T13:32:04.502774,208.2 seconds,21
twitter,MBG,king castillo,"Ade Tias Maulana menegaskan:
""Program MBG merupakan langkah strategis pemerintah dalam meningkatkan kesehatan dan kecerdasan generasi penerus. Makan Bergizi Gratis (MBG) sebagai bentuk komitmen dalam meningkatkan kualitas sumber daya manusia serta menekan angka stunting",2025-11-16T04:33:13.000Z,0,0,2025-11-16T13:30:45.576422,2.0,MBG,2025-11-16T13:32:04.502774,208.2 seconds,21
twitter,MBG,rahmawati,Dukung Program MBG di Papua,2025-11-16T04:33:12.000Z,0,0,2025-11-16T13:30:45.708242,2.0,MBG,2025-11-16T13:32:04.502774,208.2 seconds,21
twitter,MBG,bella,"Tim Koordinasi Lintas Kementerian/Lembaga Program MBG membentuk lima kelompok kerja (pokja) untuk mempercepat penyelesaian berbagai persoalan lintas sektor. Pokja-pokja ini berfokus pada pasokan pangan, percepatan infrastruktur pendukung, keamanan pangan dll",2025-11-16T04:33:10.000Z,0,0,2025-11-16T13:30:45.834067,2.0,MBG,2025-11-16T13:32:04.502774,208.2 seconds,21
twitter,MBG,Widhi Lawan,"masih banyak hal yg tdk baik di #mbg 
@Gerindra
 #kerashati rakyat dikorbankan.",2025-11-16T04:33:09.000Z,1,0,2025-11-16T13:30:45.956374,2.0,MBG,2025-11-16T13:32:04.502774,208.2 seconds,21
twitter,MBG,Rizky_onee,Sosialisasi MBG di Bekasi fokus pada penurunan stunting dan penguatan SDM. Langkah penting pemerintah untuk meningkatkan kualitas generasi penerus Bangsa yang sehat dan Unggul,2025-11-16T04:32:28.000Z,0,0,2025-11-16T13:30:46.083426,2.0,MBG,2025-11-16T13:32:04.502774,208.2 seconds,21
twitter,MBG,Mas Boedi,"mngkin krna di Norwegia  progrm MBG nya dah pukuhan tahun lalu, jd generasinya sdh gk ada yh stunting lagi

jd tumbuh raksasa",2025-11-16T04:32:15.000Z,0,0,2025-11-16T13:30:46.217639,2.0,MBG,2025-11-16T13:32:04.502774,208.2 seconds,21
twitter,MBG,Kang OJEK,"Program SPPG Angsau Dua Polres Tanah Laut terus menunjukkan komitmen dalam memenuhi gizi anak-anak sekolah. Berkat sinergi dapur produksi dan para relawan, layanan makan bergizi gratis (MBG) telah menjangkau 3.570 porsi di 21 sekolah.

#SPPGAngsauDua #PolresTanahLaut",2025-11-16T04:31:56.000Z,0,0,2025-11-16T13:30:46.349213,2.0,MBG,2025-11-16T13:32:04.502774,208.2 seconds,21
twitter,MBG,nana,"SPPG Angsau Dua Polres Tala Cetak Rekor!
3.570 porsi MBG gratis terdistribusi ke 21 sekolah! 
Alhamdulillah, maksimal manfaat untuk anak-anak kita!",2025-11-16T04:31:52.000Z,0,0,2025-11-16T13:30:46.477480,2.0,MBG,2025-11-16T13:32:04.502774,208.2 seconds,21
twitter,MBG,Cah' Solo," Sosialisasi MBG di Bekasi!
Fokus utama: Turunkan stunting & perkuat kualitas SDM.

Ade Tias Maulana menegaskan bahwa Program Makan Bergizi Gratis (MBG) adalah langkah strategis pemerintah untuk meningkatkan kesehatan, kecerdasan, dan masa depan generasi penerus.",2025-11-16T04:28:44.000Z,0,0,2025-11-16T13:30:55.574637,2.0,MBG,2025-11-16T13:32:04.502774,208.2 seconds,21
twitter,MBG,jap,Program MBG merupakan langkah strategis pemerintah dalam meningkatkan kesehatan dan kecerdasan generasi penerus. Dan juga sebagai bentuk komitmen dalam meningkatkan kualitas sumber daya manusia serta menekan angka stunting,2025-11-16T04:28:06.000Z,0,0,2025-11-16T13:30:55.781892,2.0,MBG,2025-11-16T13:32:04.502774,208.2 seconds,21
twitter,MBG,Frans Adi Jarwo,"Total kejadian keracunan pangan di Indonesia sampai hari ini ada 441. MBG menyumbang 211 kejadian, atau 48 persen dari kasus tersebut,” terang ketua Badan Ratjun Nasional",2025-11-16T04:27:57.000Z,0,0,2025-11-16T13:30:55.898324,2.0,MBG,2025-11-16T13:32:04.502774,208.2 seconds,21
twitter,MBG,Ellaizes Jaca,"Ade Tias Maulana: MBG Jadi Kunci Turunkan Stunting & Kuatkan SDM!
Di Bekasi, Program Makan Bergizi Gratis (MBG) bukan sekadar makan siang — tapi investasi masa depan bangsa.",2025-11-16T04:27:49.000Z,0,0,2025-11-16T13:30:56.025236,2.0,MBG,2025-11-16T13:32:04.502774,208.2 seconds,21
twitter,MBG,duyie,"SPPG Angsau Dua Polres Tala Capai Maksimal 3.570 Porsi MBG!
Alhamdulillah, Satuan Pelayanan Pemenuhan Gizi (SPPG) Angsau Dua yang dikelola Yayasan Kemala Bhayangkari Polres Tanah Laut jajaran Polda Kalsel, berhasil sebarkan 3.570 porsi makan bergizi gratis ke 21 sekolah!",2025-11-16T04:26:14.000Z,0,0,2025-11-16T13:30:56.168653,2.0,MBG,2025-11-16T13:32:04.502774,208.2 seconds,21
twitter,MBG,galuh,jadi penasaran sm sef mbg yg terkenal di tiktok itu,2025-11-16T04:24:53.000Z,39,0,2025-11-16T13:30:56.291744,2.0,MBG,2025-11-16T13:32:04.502774,208.2 seconds,21
twitter,MBG,jap,"Pihak sekolah antusias untuk mendapatkan MBG dari SPPG Angsau Dua yang dikelola Yayasan Kemala Bhayangkari Polres Tanah Laut jajaran Polda Kalimantan Selatan dan kini telah mencapai maksimal penerima manfaat, yakni 3.570 porsi makan bergizi gratis (MBG) tersebar di 21 sekolah.",2025-11-16T04:24:33.000Z,0,0,2025-11-16T13:30:56.437808,2.0,MBG,2025-11-16T13:32:04.502774,208.2 seconds,21
twitter,MBG,duyie,"Bersama Nanik Sudaryati Deyang, Kita Wujudkan 5 Pokja Program MBG!
Dari pasokan bahan pangan hingga pemberdayaan daerah, Pokja Pasokan Bahan Baku Pangan menjadi kunci utama stabilitas harga dan ketersediaan pangan nasional.",2025-11-16T04:24:21.000Z,0,0,2025-11-16T13:30:56.562167,2.0,MBG,2025-11-16T13:32:04.502774,208.2 seconds,21
twitter,MBG,Allasan7,Program MBG di Bekasi jadi langkah penting untuk turunkan stunting dan bantu anak-anak dapat gizi yang layak. Semoga jalan terus,2025-11-16T04:24:20.000Z,0,0,2025-11-16T13:30:56.701815,2.0,MBG,2025-11-16T13:32:04.502774,208.2 seconds,21
twitter,MBG,Alvin cakep,Ini menu mbg dmn?,2025-11-16T04:23:41.000Z,0,0,2025-11-16T13:30:56.817546,2.0,MBG,2025-11-16T13:32:04.502774,208.2 seconds,21
twitter,MBG,meowing,siapa yang butuh MBG nih?,2025-11-16T04:23:32.000Z,0,0,2025-11-16T13:30:56.934096,2.0,MBG,2025-11-16T13:32:04.502774,208.2 seconds,21
twitter,MBG,nafian,"Satuan Pelayanan Pemenuhan Gizi (SPPG) Angsau Dua yang dikelola Yayasan Kemala Bhayangkari Polres Tanah Laut jajaran Polda Kalimantan Selatan kini telah mencapai maksimal penerima manfaat, yakni 3.570 porsi makan bergizi gratis (MBG) tersebar di 21 sekolah",2025-11-16T04:21:00.000Z,0,0,2025-11-16T13:31:04.682202,2.0,MBG,2025-11-16T13:32:04.502774,208.2 seconds,21
twitter,MBG,Melsha,"Antusias sekolah-sekolah di Pelaihari terus meningkat. Permintaan bertambah, dan SPPG Angsau Dua bekerja keras memastikan jatah MBG tetap terpenuhi.

Dengan 21 sekolah penerima, SPPG Angsau Dua menjadi salah satu dapur yang berhasil mencapai cakupan maksimal dalam distribusi MBG.",2025-11-16T04:20:59.000Z,0,0,2025-11-16T13:31:04.805386,2.0,MBG,2025-11-16T13:32:04.502774,208.2 seconds,21
twitter,MBG,ViTse,"Baru di UP yg membuat MBG nya
#ForeverWithKitA 
#KEnnywithmaNDA",2025-11-16T04:20:14.000Z,14,1,2025-11-16T13:31:04.950278,2.0,MBG,2025-11-16T13:32:04.502774,208.2 seconds,21
twitter,MBG,KING MELIODAS,I keep hearing about MBG and the commitment people have toward it is hard to ignore. It genuinely feels like a project with direction,2025-11-16T04:20:03.000Z,0,0,2025-11-16T13:31:05.088143,2.0,MBG,2025-11-16T13:32:04.502774,208.2 seconds,21
twitter,MBG,ricos,mbg tying real utility into a regulated framework feels solid bro,2025-11-16T04:19:48.000Z,0,0,2025-11-16T13:31:05.223629,2.0,MBG,2025-11-16T13:32:04.502774,208.2 seconds,21
twitter,MBG,ricos,solid utility long term aligned bro mbg feels built to last,2025-11-16T04:19:42.000Z,0,0,2025-11-16T13:31:05.372717,2.0,MBG,2025-11-16T13:32:04.502774,208.2 seconds,21
twitter,MBG,bobby_Karmela,"Jika beberapa kementrian bersatu dan berkolaborasi utk program MBG, maka peningkatan kualitas layanannya akan semakin baik",2025-11-16T04:19:34.000Z,0,0,2025-11-16T13:31:05.491939,2.0,MBG,2025-11-16T13:32:04.502774,208.2 seconds,21
twitter,MBG,ricos,facts bro mbg got real backing utility across the stack feels strong,2025-11-16T04:19:30.000Z,0,0,2025-11-16T13:31:05.618660,2.0,MBG,2025-11-16T13:32:04.502774,208.2 seconds,21
twitter,MBG,ricos,defi + tradfi trust combo makes mbg’s real utility hit different bro,2025-11-16T04:19:22.000Z,0,0,2025-11-16T13:31:05.752588,2.0,MBG,2025-11-16T13:32:04.502774,208.2 seconds,21
twitter,MBG,♡ 𝘻𝘢𝘪𝘯𝘢 자이나 ♡,Ade Tias Maulana menyebut MBG sebagai langkah strategis pemerintah untuk memperbaiki kesehatan dan kecerdasan generasi penerus.,2025-11-16T04:19:22.000Z,0,0,2025-11-16T13:31:05.878996,2.0,MBG,2025-11-16T13:32:04.502774,208.2 seconds,21
twitter,MBG,ricos,true bro mbg feels rare when utility compliance and scale line up,2025-11-16T04:19:16.000Z,0,0,2025-11-16T13:31:06.000068,2.0,MBG,2025-11-16T13:32:04.502774,208.2 seconds,21
twitter,MBG,ricos,clean take bro mbg perks + buybacks show real ecosystem weight,2025-11-16T04:19:10.000Z,0,0,2025-11-16T13:31:06.137546,2.0,MBG,2025-11-16T13:32:04.502774,208.2 seconds,21
twitter,MBG,ricos,fr bro mbg backed by real infra makes the utility feel legit,2025-11-16T04:19:05.000Z,0,0,2025-11-16T13:31:06.262096,2.0,MBG,2025-11-16T13:32:04.502774,208.2 seconds,21
twitter,MBG,yumi,"Dengan cakupan jutaan penerima manfaat, MBG jadi langkah nyata untuk memutus siklus gizi buruk yang sudah lama membayangi banyak keluarga.",2025-11-16T04:18:47.000Z,0,0,2025-11-16T13:31:06.385479,2.0,MBG,2025-11-16T13:32:04.502774,208.2 seconds,21
twitter,MBG,yumi,Setiap piring dari MBG membawa harapan baru. Harapan untuk anak yang bisa sekolah dengan perut kenyang dan hati bahagia.,2025-11-16T04:18:41.000Z,0,0,2025-11-16T13:31:06.503651,2.0,MBG,2025-11-16T13:32:04.502774,208.2 seconds,21
twitter,MBG,ricos,mbg standing out fr bro utility backed by real value hits,2025-11-16T04:18:19.000Z,1,0,2025-11-16T13:31:06.611243,2.0,MBG,2025-11-16T13:32:04.502774,208.2 seconds,21
twitter,MBG,Shandy Trida,Pengawas MBG di Indo dari India bli,2025-11-16T04:18:15.000Z,0,0,2025-11-16T13:31:06.706762,2.0,MBG,2025-11-16T13:32:04.502774,208.2 seconds,21
twitter,MBG,ricos,mbg turning utility into actual value feels like real work bro,2025-11-16T04:18:12.000Z,1,0,2025-11-16T13:31:06.804863,2.0,MBG,2025-11-16T13:32:04.502774,208.2 seconds,21
twitter,MBG,ricos,mbg got real world flex fr bro clean signals,2025-11-16T04:18:07.000Z,0,0,2025-11-16T13:31:06.903543,2.0,MBG,2025-11-16T13:32:04.502774,208.2 seconds,21
twitter,MBG,ricos,regulated backbone + real utility makes mbg feel solid fr bro,2025-11-16T04:18:01.000Z,0,0,2025-11-16T13:31:07.003953,2.0,MBG,2025-11-16T13:32:04.502774,208.2 seconds,21
twitter,MBG,ricos,real utility always hits different bro mbg showing that rn,2025-11-16T04:17:56.000Z,0,0,2025-11-16T13:31:07.102855,2.0,MBG,2025-11-16T13:32:04.502774,208.2 seconds,21
twitter,MBG,Nauna Masa,SPPG Angsau Dua kini melayani hingga 3.570 porsi MBG per hari. Semakin banyak anak sekolah yang merasakan manfaat gizi setiap harinya.,2025-11-16T04:17:47.000Z,0,0,2025-11-16T13:31:07.215701,2.0,MBG,2025-11-16T13:32:04.502774,208.2 seconds,21
twitter,MBG,ricos,regulated backbone + real utility makes mbg feel solid fr bro,2025-11-16T04:18:01.000Z,0,0,2025-11-16T13:31:13.986387,2.0,MBG,2025-11-16T13:32:04.502774,208.2 seconds,21
twitter,MBG,ricos,real utility always hits different bro mbg showing that rn,2025-11-16T04:17:56.000Z,0,0,2025-11-16T13:31:14.108804,2.0,MBG,2025-11-16T13:32:04.502774,208.2 seconds,21
twitter,MBG,Nauna Masa,SPPG Angsau Dua kini melayani hingga 3.570 porsi MBG per hari. Semakin banyak anak sekolah yang merasakan manfaat gizi setiap harinya.,2025-11-16T04:17:47.000Z,0,0,2025-11-16T13:31:14.236223,2.0,MBG,2025-11-16T13:32:04.502774,208.2 seconds,21
twitter,MBG,ricos,mbg really moving like an engine not a hype token fr bro,2025-11-16T04:17:41.000Z,0,0,2025-11-16T13:31:14.349911,2.0,MBG,2025-11-16T13:32:04.502774,208.2 seconds,21
twitter,MBG,Nauna Masa,Sosialisasi MBG di Bekasi menegaskan fokus utama: menurunkan angka stunting dan meningkatkan kualitas SDM sejak dini.,2025-11-16T04:17:38.000Z,0,0,2025-11-16T13:31:14.473127,2.0,MBG,2025-11-16T13:32:04.502774,208.2 seconds,21
twitter,MBG,ricos,mbg staying solid bro multibank making this look real legit,2025-11-16T04:17:34.000Z,0,0,2025-11-16T13:31:14.594066,2.0,MBG,2025-11-16T13:32:04.502774,208.2 seconds,21
twitter,MBG,izzy,Banyak anak yang dulu sering lemas sekarang lebih aktif dan ceria berkat MBG.,2025-11-16T04:17:29.000Z,0,0,2025-11-16T13:31:14.720496,2.0,MBG,2025-11-16T13:32:04.502774,208.2 seconds,21
twitter,MBG,ricos,mbg pushing real utility across the whole stack fr bro,2025-11-16T04:17:28.000Z,0,0,2025-11-16T13:31:14.851911,2.0,MBG,2025-11-16T13:32:04.502774,208.2 seconds,21
twitter,MBG,ricos,mbg delivering real utility + rewards feels like proper ecosystem vibes,2025-11-16T04:17:20.000Z,0,0,2025-11-16T13:31:14.988623,2.0,MBG,2025-11-16T13:32:04.502774,208.2 seconds,21
twitter,MBG,ricos,real utility + compliance combo shows mbg built for long run fr,2025-11-16T04:17:13.000Z,0,0,2025-11-16T13:31:15.109714,2.0,MBG,2025-11-16T13:32:04.502774,208.2 seconds,21
twitter,MBG,ricos,fr bro mbg proving it's way more than just a token play,2025-11-16T04:17:07.000Z,0,0,2025-11-16T13:31:15.228509,2.0,MBG,2025-11-16T13:32:04.502774,208.2 seconds,21
twitter,MBG,Zahira Melati,"Tim Koordinasi Lintas Kementerian/Lembaga Program MBG membentuk 5 Pokja strategis untuk memastikan rantai pasokan, keamanan pangan, hingga pemberdayaan penerima manfaat berjalan optimal. Langkah ini jadi kunci menjaga stabilitas bahan pangan bagi masyarakat",2025-11-16T04:16:32.000Z,0,0,2025-11-16T13:31:15.342743,2.0,MBG,2025-11-16T13:32:04.502774,208.2 seconds,21
twitter,MBG,Zahira Melati,"SPPG Angsau Dua Polres Tala terus memperluas manfaat bagi anak-anak sekolah dengan produksi 3.570 porsi MBG setiap hari. Dari dapur yang dikelola penuh dedikasi hingga distribusi ke 21 sekolah, semua bergerak untuk memastikan gizi anak bangsa terpenuhi.",2025-11-16T04:16:20.000Z,0,0,2025-11-16T13:31:15.463453,2.0,MBG,2025-11-16T13:32:04.502774,208.2 seconds,21
twitter,MBG,레라 ୨ৎ lela,"Lima Pokja dibentuk untuk memperkuat koordinasi lintas kementerian, memastikan program MBG berjalan rapi dan menyelesaikan kendala lapangan.",2025-11-16T04:16:11.000Z,0,0,2025-11-16T13:31:15.602049,2.0,MBG,2025-11-16T13:32:04.502774,208.2 seconds,21
twitter,MBG,레라 ୨ৎ lela,"Dikelola oleh Yayasan Kemala Bhayangkari Polres Tala, produksi MBG makin maksimal berkat kerja relawan dan kapasitas dapur yang terus ditingkatkan.",2025-11-16T04:15:46.000Z,0,0,2025-11-16T13:31:15.782867,2.0,MBG,2025-11-16T13:32:04.502774,208.2 seconds,21
twitter,MBG,ricos,stay bullish bro mbg momentum looking solid rn,2025-11-16T04:15:08.000Z,0,0,2025-11-16T13:31:22.862700,2.0,MBG,2025-11-16T13:32:04.502774,208.2 seconds,21
twitter,MBG,ricos,rwa showing up fr bro mbg making it feel real,2025-11-16T04:15:02.000Z,1,0,2025-11-16T13:31:22.990128,2.0,MBG,2025-11-16T13:32:04.502774,208.2 seconds,21
twitter,MBG,ricos,clean take bro mbg aligning defi yield with institutions feels real,2025-11-16T04:14:51.000Z,0,0,2025-11-16T13:31:23.126213,2.0,MBG,2025-11-16T13:32:04.502774,208.2 seconds,21
twitter,MBG,ricos,mbg turning value into compliant investable assets is actually wild bro,2025-11-16T04:14:46.000Z,0,0,2025-11-16T13:31:23.265959,2.0,MBG,2025-11-16T13:32:04.502774,208.2 seconds,21
twitter,MBG,ricos,fr bro mbg bridging vibes hitting different rn,2025-11-16T04:14:40.000Z,0,0,2025-11-16T13:31:23.409899,2.0,MBG,2025-11-16T13:32:04.502774,208.2 seconds,21
twitter,MBG,selaaa,"Koordinasi lintas kementerian lewat 5 pokja MBG jadi kunci agar pemenuhan gizi dan pasokan pangan tetap aman, stabil, dan berpihak pada masyarakat.",2025-11-16T04:13:46.000Z,0,0,2025-11-16T13:31:23.547305,2.0,MBG,2025-11-16T13:32:04.502774,208.2 seconds,21
twitter,MBG,ricos,true bro mbg breaking real barriers not chasing atmr hype,2025-11-16T04:13:27.000Z,0,0,2025-11-16T13:31:23.696159,2.0,MBG,2025-11-16T13:32:04.502774,208.2 seconds,21
twitter,MBG,ricos,mbg becoming that bridge turning onchain value into investable rwa fr,2025-11-16T04:13:17.000Z,1,0,2025-11-16T13:31:23.849417,2.0,MBG,2025-11-16T13:32:04.502774,208.2 seconds,21
twitter,MBG,ricos,mbg bridging chain value with tradfi rails shows real utility not hype bro,2025-11-16T04:13:09.000Z,0,0,2025-11-16T13:31:23.989404,2.0,MBG,2025-11-16T13:32:04.502774,208.2 seconds,21
twitter,MBG,ricos,clean take bro mbg mixing web3 innovation with real finance compliance,2025-11-16T04:12:59.000Z,0,0,2025-11-16T13:31:24.119197,2.0,MBG,2025-11-16T13:32:04.502774,208.2 seconds,21
twitter,MBG,selaaa,Sosialisasi MBG di Bekasi jadi langkah nyata buat nurunin stunting dan nguatin kualitas SDM—karena generasi sehat itu investasi masa depan.,2025-11-16T04:12:55.000Z,0,0,2025-11-16T13:31:24.356356,2.0,MBG,2025-11-16T13:32:04.502774,208.2 seconds,21
twitter,MBG,ricos,mbg bridging onchain value into real finance feels solid bro,2025-11-16T04:12:38.000Z,0,0,2025-11-16T13:31:24.459422,2.0,MBG,2025-11-16T13:32:04.502774,208.2 seconds,21
twitter,MBG,ricos,mbg turning chain data into compliant rwa feels built for institutions fr,2025-11-16T04:12:30.000Z,0,0,2025-11-16T13:31:24.566578,2.0,MBG,2025-11-16T13:32:04.502774,208.2 seconds,21
twitter,MBG,ricos,fr bro mbg making that clean bridge between onchain and real finance,2025-11-16T04:12:05.000Z,0,0,2025-11-16T13:31:24.676231,2.0,MBG,2025-11-16T13:32:04.502774,208.2 seconds,21
twitter,MBG,Winaarto,Satuan Pelayanan Pemenuhan Gizi (SPPG) Angsau Dua berhasil mencapai kapasitas maksimal dengan menyalurkan 3.570 porsi Makan Bergizi Gratis (MBG). Pencapaian ini menunjukkan tingginya dukungan masyarakat terhadap program prioritas penurunan stunting & peningkatan gizi anak sekolah,2025-11-16T04:09:51.000Z,0,0,2025-11-16T13:31:24.778936,2.0,MBG,2025-11-16T13:32:04.502774,208.2 seconds,21
twitter,MBG,Bae, Tim Koordinasi Lintas Kementerian/Lembaga Program MBG membentuk 5 Pokja! Langkah penting untuk memastikan program berjalan efektif dan efisien. Kolaborasi adalah kunci demi keamanan anak-anak dan dukung tumbuh kembang anak-anak Indonesia lebih sehat lagi,2025-11-16T04:09:26.000Z,0,0,2025-11-16T13:31:24.884930,2.0,MBG,2025-11-16T13:32:04.502774,208.2 seconds,21
twitter,MBG,Bandit Kota,"Kerja Nyata Program MBG ada
Insentif Rp. 6 juta/hari utk dapur MBG, bukan utk gaji orang. Biaya operasionalnya utk memastikn dapur umum dpt berjalan dg baik dan mnghasilkn makanan bergizi yg aman. Biaya ini utk membeli bahan makanan, peralatan, dan lain-lain.
#LanjutkanMBG

Pagii",2025-11-16T04:09:13.000Z,0,0,2025-11-16T13:31:25.000492,2.0,MBG,2025-11-16T13:32:04.502774,208.2 seconds,21
twitter,MBG,Xeyaaburn,"Kolaborasi lintas kementerian/lembaga semakin diperkuat melalui pembentukan 5 Pokja Program MBG.
Langkah strategis ini memastikan pasokan bahan pangan, keamanan gizi, dan pemberdayaan daerah berjalan optimal untuk mendukung pelayanan gizi di seluruh Indonesia. ",2025-11-16T04:08:36.000Z,0,0,2025-11-16T13:31:25.105149,2.0,MBG,2025-11-16T13:32:04.502774,208.2 seconds,21
twitter,MBG,Winaarto,"Program Makan Bergizi Gratis (MBG) ditegaskan sebagai langkah strategis pemerintah dalam meningkatkan kesehatan dan kecerdasan generasi penerus. Melalui komitmen kuat untuk menekan angka stunting, program ini menjadi investasi berharga untuk memperkuat kualitas (SDM) Indonesia",2025-11-16T04:08:29.000Z,0,0,2025-11-16T13:31:25.226662,2.0,MBG,2025-11-16T13:32:04.502774,208.2 seconds,21
twitter,MBG,,"Di balik tersedianya menu MBG yg berkualitas, selalu ada proses produksi yg higienis dan karyawan SPPG yg bekerja dg dedikasi tinggi.",2025-11-16T04:06:00.000Z,2,0,2025-11-16T13:31:34.633299,2.0,MBG,2025-11-16T13:32:04.502774,208.2 seconds,21
twitter,MBG,americano,SPPG Angsau Dua milik Polres Tala berhasil mencapai pemanfaatan maksimal dengan total 3.570 porsi MBG yang tersalurkan kepada warga. Upaya nyata memastikan bantuan tepat sasaran,2025-11-16T04:05:24.000Z,0,0,2025-11-16T13:31:34.831401,2.0,MBG,2025-11-16T13:32:04.502774,208.2 seconds,21
twitter,MBG,𝙺𝚘𝚙𝚒 𝙿𝚊𝚑𝚒𝚝,"Program MBG di Bekasi hadir sebagai strategi penting memperbaiki kualitas gizi anak dan menurunkan stunting. Dgn memperkuat kesehatan dan kecerdasan generasi penerus, pemerintah ingin memastikan bahwa masa depan bangsa tidak lagi terhambat oleh masalah gizi.",2025-11-16T04:04:53.000Z,0,0,2025-11-16T13:31:34.966125,2.0,MBG,2025-11-16T13:32:04.502774,208.2 seconds,21
twitter,MBG,Murianetwork.com,"Peresmian 10 Dapur MBG di Bone: Program SPPG Dikritik, Muncul Isu Konflik Kepentingan",2025-11-16T04:04:40.000Z,0,0,2025-11-16T13:31:35.088420,2.0,MBG,2025-11-16T13:32:04.502774,208.2 seconds,21
twitter,MBG,EkaGeka,"Sosialisasi MBG di Bekasi vibes-nya edukatif tapi tetep ngeflow  Program ini emang krusial buat nurunin stunting dan naikin kualitas SDM. Kalo generasi sehat & cerdas, masa depan auto cerah! ",2025-11-16T04:04:32.000Z,0,0,2025-11-16T13:31:35.218166,2.0,MBG,2025-11-16T13:32:04.502774,208.2 seconds,21
twitter,MBG,EkaGeka,"Program MBG makin rapih karena sekarang ada 5 Pokja yang ngurus dari bahan baku sampai pemberdayaan penerima manfaat.  Koordinasi lintas lembaga ini penting biar pasokan aman, inflasi ke-handle, dan masyarakat bisa hidup tenang sepanjang tahun. ",2025-11-16T04:04:17.000Z,0,0,2025-11-16T13:31:35.347038,2.0,MBG,2025-11-16T13:32:04.502774,208.2 seconds,21
twitter,MBG,EkaGeka,Behind the scene MBG yang rutin melaksanakan kesehatan guna memastikan makanan aman dan sehat !  ,2025-11-16T04:03:41.000Z,0,0,2025-11-16T13:31:35.470113,2.0,MBG,2025-11-16T13:32:04.502774,208.2 seconds,21
twitter,MBG,americano,"Di Bekasi, sosialisasi MBG digelar untuk memastikan program benar-benar menyentuh kebutuhan dasar warga: penurunan stunting dan penguatan SDM. Karena masa depan dimulai dari generasi yang sehat dan cerdas",2025-11-16T04:03:41.000Z,0,0,2025-11-16T13:31:35.603990,2.0,MBG,2025-11-16T13:32:04.502774,208.2 seconds,21
twitter,MBG,oiv,SPPG Angsau Dua Polres Tala berhasil mencapai 3.570 porsi MBG! Ini adalah kerja tulus mereka yang luar biasa dalam memastikan anak-anak di 21 sekolah mendapatkan gizi terbaik. Salut untuk semua SPPG di Indonesia,2025-11-16T04:03:33.000Z,0,0,2025-11-16T13:31:35.736672,2.0,MBG,2025-11-16T13:32:04.502774,208.2 seconds,21
twitter,MBG,EkaGeka,"SPPG Angsau Dua gaspol banget!  Udah tembus 3.570 porsi MBG tiap hari buat 21 sekolah. Dari dapur sampai distribusi, semua digerakin bareng biar adik-adik dapat makan bergizi tanpa miss. Respect buat semua yang terlibat! ",2025-11-16T04:03:14.000Z,0,0,2025-11-16T13:31:35.947890,2.0,MBG,2025-11-16T13:32:04.502774,208.2 seconds,21
twitter,MBG,Sucitra,"Program MBG terus dimatangkan lewat sinergi lintas kementerian dan lembaga. Pembentukan 5 pokja jadi kunci agar distribusi bahan pangan, infrastruktur, hingga pemenuhan gizi bisa berjalan lebih cepat dan tepat.",2025-11-16T03:59:59.000Z,0,0,2025-11-16T13:31:43.315423,2.0,MBG,2025-11-16T13:32:04.502774,208.2 seconds,21
twitter,MBG,Arez,mbg for 25y old child,2025-11-16T03:59:59.000Z,0,0,2025-11-16T13:31:43.432874,2.0,MBG,2025-11-16T13:32:04.502774,208.2 seconds,21
twitter,MBG,Matthew.,haloo dd memen misel imut! udah siap banget bergaul sama memen sampai dipisahin warga rt 5 ituu. kesibukannya idol huruf depannya z ini sekarang lagi konser konser aja yaa dd! dd katanya kemarin abis pulkam ya? boleh ingfokan kalau mau pulkam lagi plis mau nitip oleh-oleh mbg yaa,2025-11-16T03:59:34.000Z,0,0,2025-11-16T13:31:43.553625,2.0,MBG,2025-11-16T13:32:04.502774,208.2 seconds,21
twitter,MBG,𝓜𝓪𝓼 𝓟𝓾𝓻,"Program MBG itu gak jalan sendiri; ada kerja lintas kementerian/lembaga yg ngebentuk 5 pokja untuk ngejaga rantai pasokan tetap kuat. 

Dengan makin banyaknya SPPG beroperasi di seluruh pelosok, kebutuhan pangan makin naik dan harus diantisipasi biar inflasi tetap terkendali...",2025-11-16T03:58:42.000Z,1,0,2025-11-16T13:31:43.681006,2.0,MBG,2025-11-16T13:32:04.502774,208.2 seconds,21
twitter,MBG,𝓜𝓪𝓼 𝓟𝓾𝓻,"Sosialisasi MBG di Bekasi fokus nguatkan SDM sekaligus nurunin angka stunting. 

Program ini jd langkah strategis buat ngejaga kesehatan & daya pikir generasi muda...",2025-11-16T03:57:39.000Z,0,0,2025-11-16T13:31:43.827480,2.0,MBG,2025-11-16T13:32:04.502774,208.2 seconds,21
twitter,MBG,Public Voice,"Cek kesehatan berkala untuk pegawai SPPG bukan formalitas. Ini komitmen menjaga keamanan pangan: pekerja sehat, dapur bersih, menu aman. Anak-anak dapat MBG terbaik karena tim lapangannya selalu terpantau kesehatannya.",2025-11-16T03:57:14.000Z,0,0,2025-11-16T13:31:43.957433,2.0,MBG,2025-11-16T13:32:04.502774,208.2 seconds,21
twitter,MBG,odejale,"Makan Bergizi Gratis (MBG) adalah investasi langsung untuk memutus rantai stunting di Indonesia. Dengan asupan protein, vitamin, dan mineral yang terukur setiap hari, anak-anak tumbuh lebih sehat, lebih kuat, dan lebih siap belajar. Cegah stunting",2025-11-16T03:53:43.000Z,0,0,2025-11-16T13:31:44.079003,2.0,MBG,2025-11-16T13:32:04.502774,208.2 seconds,21
twitter,MBG,🅡🅐,Mantap!! SPPG Angsau Dua milik Polres Tanah Laut berhasil mencapai 3.570 porsi MBG per hari untuk 21 sekolah. Upaya bersama ini menjadi langkah nyata dalam memastikan anak-anak menerima makanan bergizi yang aman dan berkualitas,2025-11-16T03:52:46.000Z,0,0,2025-11-16T13:31:44.204016,2.0,MBG,2025-11-16T13:32:04.502774,208.2 seconds,21
twitter,MBG,lucimaya,"Memang apa sih yg terjadi sampai emosi banget kayak gini? Pada gak mau antri ya? Gara2 MBG, tugas guru jadi bertambah!! Mending anak2 ini makan di kantin saja, biar orang kantin nanti yg bertanggung jawab atas makan mbg dan ketertiban saat makan mbg, bukan guru. Guru fokus di",2025-11-16T03:51:57.000Z,0,0,2025-11-16T13:31:44.330287,2.0,MBG,2025-11-16T13:32:04.502774,208.2 seconds,21
twitter,MBG,cho,"Melalui sosialisasi MBG di Bekasi, pemerintah menegaskan komitmen untuk menekan stunting dan memperkuat kualitas SDM. Program Makan Bergizi Gratis ini menjadi langkah strategis untuk meningkatkan kesehatan serta kecerdasan generasi penerus.",2025-11-16T03:50:33.000Z,0,0,2025-11-16T13:31:44.470381,2.0,MBG,2025-11-16T13:32:04.502774,208.2 seconds,21
twitter,MBG,coklat,Biasa belum dapat mbg jadi gitu,2025-11-16T03:49:56.000Z,0,0,2025-11-16T13:31:44.604358,2.0,MBG,2025-11-16T13:32:04.502774,208.2 seconds,21
twitter,MBG,Titisan Ultraman Nyinyir,Pendistribusian MBG untuk menjangkau generasi bangsa di pelosok negeri membutuhkan perjalanan yg tidak mudah setiap harinya. Semua ini dilakukan demi menuju Indonesia emas.,2025-11-16T03:46:26.000Z,1,0,2025-11-16T13:31:52.377768,2.0,MBG,2025-11-16T13:32:04.502774,208.2 seconds,21
twitter,MBG,Tarra,"Program MBG di SPPG Angsau Dua kini semakin menunjukkan dampak nyata. Dengan capaian maksimal 3.570 porsi makanan bergizi setiap hari untuk 21 sekolah, Polres Tanah Laut bersama relawan berhasil menghadirkan perubahan besar bagi anak-anak di daerah.",2025-11-16T03:46:10.000Z,0,0,2025-11-16T13:31:52.505640,2.0,MBG,2025-11-16T13:32:04.502774,208.2 seconds,21
twitter,MBG,fathan,"Dengan beroperasinya lebih dari 14.773 SPPG, kebutuhan bahan pangan terus meningkat.
Pokja Pasokan Bahan Pangan dibentuk untuk menjaga stabilitas inflasi dan ketersediaan pangan bagi masyarakat.
#ProgramMBG #MBG",2025-11-16T03:46:10.000Z,0,0,2025-11-16T13:31:52.641121,2.0,MBG,2025-11-16T13:32:04.502774,208.2 seconds,21
twitter,MBG,fathan,"Sosialisasi MBG di Bekasi menegaskan komitmen pemerintah dalam menurunkan stunting dan memperkuat kualitas SDM.
Generasi sehat, generasi cerdas! 
#MBG #Bekasi #CegahStunting",2025-11-16T03:45:19.000Z,0,0,2025-11-16T13:31:52.779376,2.0,MBG,2025-11-16T13:32:04.502774,208.2 seconds,21
twitter,MBG,4DELLIAAAA,MBG Polres Tala,2025-11-16T03:45:04.000Z,0,0,2025-11-16T13:31:52.910926,2.0,MBG,2025-11-16T13:32:04.502774,208.2 seconds,21
twitter,MBG,4DELLIAAAA,Program MBG di Bekasi,2025-11-16T03:44:16.000Z,0,0,2025-11-16T13:31:53.054682,2.0,MBG,2025-11-16T13:32:04.502774,208.2 seconds,21
twitter,MBG,ADINDA_NAMAKU,"dan Struktur Koordinasi Nasional (5 Pokja) ini bukan sekadar berita, tapi studi kasus tentang Gap Kebijakan Publik.
Program MBG adalah komitmen noble untuk SDM. Namun, keberhasilannya akan diuji, bukan oleh banyaknya press release atau",2025-11-16T03:44:09.000Z,0,0,2025-11-16T13:31:53.182924,2.0,MBG,2025-11-16T13:32:04.502774,208.2 seconds,21
twitter,MBG,ADINDA_NAMAKU,"Analisis Tiga Dimensi Program MBG: Antara Komitmen, Birokrasi, dan Realita Lapangan

Program Makanan Bergizi Gratis (MBG) kini menjadi headline kebijakan sosial yang masif, terlihat dari tiga angle yang kita telaah: Implementasi Lokal (Polres Tala & Bekasi)",2025-11-16T03:44:08.000Z,0,0,2025-11-16T13:31:53.295765,2.0,MBG,2025-11-16T13:32:04.502774,208.2 seconds,21
twitter,MBG,Sh_yaanto,"Koordinasi lintas kementerian membentuk 5 Pokja MBG untuk memperkuat pasokan pangan, keamanan gizi, dan peran daerah.
Upaya ini memastikan program MBG berjalan optimal di seluruh pelosok. 
#MBG",2025-11-16T03:43:41.000Z,0,0,2025-11-16T13:31:53.401973,2.0,MBG,2025-11-16T13:32:04.502774,208.2 seconds,21
twitter,MBG,Sh_yaanto,"SPPG Angsau Dua milik Polres Tala kini capai produksi maksimal 3.570 porsi MBG untuk 21 sekolah!
Kerja keras relawan & dapur bergizi ini jadi bukti nyata kepedulian terhadap kesehatan anak-anak kita.
#MBG",2025-11-16T03:43:28.000Z,0,0,2025-11-16T13:31:53.502618,2.0,MBG,2025-11-16T13:32:04.502774,208.2 seconds,21
twitter,MBG,odejale,"Serta para kurir lapangan yang mengantar makanan hangat sampai ke sekolah-sekolah tanpa mengenal cuaca. Mereka inilah ujung tombak MBG—bekerja senyap, tapi berdampak besar bagi masa depan anak-anak Indonesia.",2025-11-16T03:43:21.000Z,1,0,2025-11-16T13:31:53.604221,2.0,MBG,2025-11-16T13:32:04.502774,208.2 seconds,21
twitter,MBG,H,"MBG harus di audit secara rutin,
Dari 15.000 (contoh) per hari per anak
Apakah ada (berapa) yang masuk yayasan.?

Berapa untuk Gaji kepala dapur, ahli gizi,akuntan, staf ahli dll, ,Sewa dan bangun dapur, Listrik, fee mediator (kalo ada)

Berapa untuk makanan.?",2025-11-16T03:37:56.000Z,0,0,2025-11-16T13:32:02.996651,2.0,MBG,2025-11-16T13:32:04.502774,208.2 seconds,21
twitter,MBG,Djatmika,"Bayangkan kalau dana MBG untuk memperbaiki gaji guru dan upgrade guru,  nggak sampai 5 tahun pasti sudah kelihatan hasilnya.",2025-11-16T03:37:21.000Z,1,0,2025-11-16T13:32:03.213687,2.0,MBG,2025-11-16T13:32:04.502774,208.2 seconds,21
twitter,MBG,Aprilia,"Sosialisasi MBG di Bekasi menegaskan komitmen bersama untuk menurunkan stunting dan memperkuat SDM. 

Warga dibekali pengetahuan praktis soal pencegahan stunting, pemenuhan gizi, dan kebiasaan sehat. 
Program ini juga memperkuat kapasitas kader serta tenaga kesehatan agar Bekasi",2025-11-16T03:37:13.000Z,0,0,2025-11-16T13:32:03.355925,2.0,MBG,2025-11-16T13:32:04.502774,208.2 seconds,21
twitter,MBG,momysweety,"SPPG Angsau Dua milik Polres Tanah Laut kembali menunjukkan dedikasi terbaiknya. Dengan kerja disiplin dari dapur hingga distribusi, mereka berhasil mencapai maksimal 3.570 porsi MBG setiap harinya. Sebuah capaian besar yang tak hanya menunjukkan kapasitas, tetapi juga komitmen",2025-11-16T03:36:30.000Z,0,0,2025-11-16T13:32:03.496457,2.0,MBG,2025-11-16T13:32:04.502774,208.2 seconds,21
twitter,MBG,Adran,"Ketua Pelaksana Harian Tim Koordinasi MBG, Nanik Sudaryati, menjelaskan bahwa pembentukan 5 Kelompok Kerja (Pokja) adalah kunci penyelesaian persoalan yang berkaitan dengan penyelenggaraan MBG secara terintegrasi.",2025-11-16T03:36:27.000Z,0,0,2025-11-16T13:32:03.645182,2.0,MBG,2025-11-16T13:32:04.502774,208.2 seconds,21
twitter,MBG,BOIM AZZA,"Karena di rumah biasanya makan sama tempe, ketika di kasih mbg anaku tidak mau...",2025-11-16T03:36:20.000Z,0,0,2025-11-16T13:32:03.799082,2.0,MBG,2025-11-16T13:32:04.502774,208.2 seconds,21
twitter,MBG,Charity_adhwa,Sosialisasi MBG di Bekasi menegaskan komitmen pemerintah menekan stunting dan meningkatkan kualitas SDM. Program makan bergizi gratis ini menjadi langkah nyata untuk menghadirkan generasi yang lebih sehat dan cerdas.,2025-11-16T03:36:13.000Z,0,0,2025-11-16T13:32:03.926659,2.0,MBG,2025-11-16T13:32:04.502774,208.2 seconds,21
twitter,MBG,Adran,"Ade Tias Maulana di Sosialisasi MBG di Bekasi: Program Makan Bergizi Gratis (MBG) bukan hanya soal pemberian makan, tetapi merupakan komitmen fundamental pemerintah untuk meningkatkan kesehatan dan kecerdasan anak-anak Indonesia.",2025-11-16T03:36:11.000Z,0,0,2025-11-16T13:32:04.064760,2.0,MBG,2025-11-16T13:32:04.502774,208.2 seconds,21
twitter,MBG,Andraa,"Program MBG melibatkan Tim Koordinasi Lintas Kementerian/Lembaga yang membentuk 5 Kelompok Kerja (Pokja) utama, demi memastikan pelaksanaannya berjalan efektif dan terintegrasi.",2025-11-16T03:35:57.000Z,0,0,2025-11-16T13:32:04.198780,2.0,MBG,2025-11-16T13:32:04.502774,208.2 seconds,21
twitter,MBG,@NalarJernih," Tim Koordinasi MBG & 5 Pokja: Seriously, Apakah Ini Cuma Meeting Elit di Ruang AC? 

Waduh, kali ini beritanya agak berat, guys. Ini tentang Tim Koordinasi Lintas Kementerian/Lembaga yang fokus ke Program Makanan Bergizi (MBG).",2025-11-16T03:35:44.000Z,0,0,2025-11-16T13:32:04.340638,2.0,MBG,2025-11-16T13:32:04.502774,208.2 seconds,21
twitter,MBG,clovis,"Makan bergizi bukan cuma soal kenyang, tapi juga tentang masa depan bangsa. MBG ngerti banget makna itu.",2025-11-16T03:35:43.000Z,0,0,2025-11-16T13:32:04.465906,2.0,MBG,2025-11-16T13:32:04.502774,208.2 seconds,21
